2026/08/24 16:30:54.155, 0, GPU-5424a982-4e3e-ce34-fd50-c719af0a724b, NVIDIA A40, 580.95.05, 58, 46068, 0, 27.29
2026/08/24 16:30:54.361, 0, GPU-5424a982-4e3e-ce34-fd50-c719af0a724b, NVIDIA A40, 580.95.05, 59, 46068, 0, 27.29
2026/08/24 16:30:54.562, 0, GPU-5424a982-4e3e-ce34-fd50-c719af0a724b, NVIDIA A40, 580.95.05, 328, 46068, 0, 30.87
2026/08/24 16:30:54.763, 0, GPU-5424a982-4e3e-ce34-fd50-c719af0a724b, NVIDIA A40, 580.95.05, 328, 46068, 3, 38.46
2026/08/24 16:30:54.963, 0, GPU-5424a982-4e3e-ce34-fd50-c719af0a724b, NVIDIA A40, 580.95.05, 328, 46068, 0, 46.15
2026/08/24 16:30:55.163, 0, GPU-5424a982-4e3e-ce34-fd50-c719af0a724b, NVIDIA A40, 580.95.05, 328, 46068, 0, 53.96
2026/08/24 16:30:55.363, 0, GPU-5424a982-4e3e-ce34-fd50-c719af0a724b, NVIDIA A40, 580.95.05, 328, 46068, 0, 61.71
2026/08/24 16:30:55.564, 0, GPU-5424a982-4e3e-ce34-fd50-c719af0a724b, NVIDIA A40, 580.95.05, 328, 46068, 0, 69.96
2026/08/24 16:30:55.764, 0, GPU-5424a982-4e3e-ce34-fd50-c719af0a724b, NVIDIA A40, 580.95.05, 328, 46068, 0, 69.92
2026/08/24 16:30:55.964, 0, GPU-5424a982-4e3e-ce34-fd50-c719af0a724b, NVIDIA A40, 580.95.05, 17854, 46068, 0, 69.92
2026/08/24 16:30:56.164, 0, GPU-5424a982-4e3e-ce34-fd50-c719af0a724b, NVIDIA A40, 580.95.05, 17854, 46068, 48, 70.79
2026/08/24 16:30:56.364, 0, GPU-5424a982-4e3e-ce34-fd50-c719af0a724b, NVIDIA A40, 580.95.05, 17854, 46068, 37, 71.58
2026/08/24 16:30:56.565, 0, GPU-5424a982-4e3e-ce34-fd50-c719af0a724b, NVIDIA A40, 580.95.05, 17854, 46068, 45, 72.37
2026/08/24 16:30:56.765, 0, GPU-5424a982-4e3e-ce34-fd50-c719af0a724b, NVIDIA A40, 580.95.05, 17854, 46068, 50, 73.26
2026/08/24 16:30:56.965, 0, GPU-5424a982-4e3e-ce34-fd50-c719af0a724b, NVIDIA A40, 580.95.05, 17854, 46068, 51, 73.81
2026/08/24 16:30:57.165, 0, GPU-5424a982-4e3e-ce34-fd50-c719af0a724b, NVIDIA A40, 580.95.05, 17854, 46068, 51, 74.73
2026/08/24 16:30:57.366, 0, GPU-5424a982-4e3e-ce34-fd50-c719af0a724b, NVIDIA A40, 580.95.05, 17854, 46068, 51, 75.00
2026/08/24 16:30:57.566, 0, GPU-5424a982-4e3e-ce34-fd50-c719af0a724b, NVIDIA A40, 580.95.05, 17854, 46068, 51, 74.70
2026/08/24 16:30:57.766, 0, GPU-5424a982-4e3e-ce34-fd50-c719af0a724b, NVIDIA A40, 580.95.05, 17854, 46068, 0, 73.83
2026/08/24 16:30:57.966, 0, GPU-5424a982-4e3e-ce34-fd50-c719af0a724b, NVIDIA A40, 580.95.05, 21076, 46068, 0, 75.48
2026/08/24 16:30:58.167, 0, GPU-5424a982-4e3e-ce34-fd50-c719af0a724b, NVIDIA A40, 580.95.05, 21086, 46068, 5, 76.92
2026/08/24 16:30:58.367, 0, GPU-5424a982-4e3e-ce34-fd50-c719af0a724b, NVIDIA A40, 580.95.05, 21086, 46068, 0, 76.00
2026/08/24 16:30:58.567, 0, GPU-5424a982-4e3e-ce34-fd50-c719af0a724b, NVIDIA A40, 580.95.05, 21086, 46068, 0, 75.06
2026/08/24 16:30:58.767, 0, GPU-5424a982-4e3e-ce34-fd50-c719af0a724b, NVIDIA A40, 580.95.05, 21086, 46068, 0, 75.03
2026/08/24 16:30:58.968, 0, GPU-5424a982-4e3e-ce34-fd50-c719af0a724b, NVIDIA A40, 580.95.05, 21086, 46068, 0, 74.98
2026/08/24 16:30:59.168, 0, GPU-5424a982-4e3e-ce34-fd50-c719af0a724b, NVIDIA A40, 580.95.05, 21092, 46068, 0, 72.46
2026/08/24 16:30:59.368, 0, GPU-5424a982-4e3e-ce34-fd50-c719af0a724b, NVIDIA A40, 580.95.05, 21104, 46068, 1, 71.26
2026/08/24 16:30:59.568, 0, GPU-5424a982-4e3e-ce34-fd50-c719af0a724b, NVIDIA A40, 580.95.05, 21104, 46068, 100, 113.78
2026/08/24 16:30:59.768, 0, GPU-5424a982-4e3e-ce34-fd50-c719af0a724b, NVIDIA A40, 580.95.05, 21104, 46068, 100, 154.39
2026/08/24 16:30:59.968, 0, GPU-5424a982-4e3e-ce34-fd50-c719af0a724b, NVIDIA A40, 580.95.05, 21104, 46068, 100, 208.09
2026/08/24 16:31:00.169, 0, GPU-5424a982-4e3e-ce34-fd50-c719af0a724b, NVIDIA A40, 580.95.05, 21104, 46068, 100, 237.76
2026/08/24 16:31:00.369, 0, GPU-5424a982-4e3e-ce34-fd50-c719af0a724b, NVIDIA A40, 580.95.05, 21104, 46068, 100, 277.14
2026/08/24 16:31:00.569, 0, GPU-5424a982-4e3e-ce34-fd50-c719af0a724b, NVIDIA A40, 580.95.05, 21104, 46068, 100, 297.26
2026/08/24 16:31:00.769, 0, GPU-5424a982-4e3e-ce34-fd50-c719af0a724b, NVIDIA A40, 580.95.05, 21104, 46068, 100, 299.25
2026/08/24 16:31:00.969, 0, GPU-5424a982-4e3e-ce34-fd50-c719af0a724b, NVIDIA A40, 580.95.05, 21104, 46068, 100, 301.65
2026/08/24 16:31:01.169, 0, GPU-5424a982-4e3e-ce34-fd50-c719af0a724b, NVIDIA A40, 580.95.05, 21104, 46068, 99, 299.44
2026/08/24 16:31:01.369, 0, GPU-5424a982-4e3e-ce34-fd50-c719af0a724b, NVIDIA A40, 580.95.05, 21104, 46068, 100, 296.61
2026/08/24 16:31:01.570, 0, GPU-5424a982-4e3e-ce34-fd50-c719af0a724b, NVIDIA A40, 580.95.05, 21104, 46068, 100, 298.63
2026/08/24 16:31:01.770, 0, GPU-5424a982-4e3e-ce34-fd50-c719af0a724b, NVIDIA A40, 580.95.05, 21104, 46068, 99, 295.69
2026/08/24 16:31:01.970, 0, GPU-5424a982-4e3e-ce34-fd50-c719af0a724b, NVIDIA A40, 580.95.05, 21104, 46068, 100, 294.55
2026/08/24 16:31:02.170, 0, GPU-5424a982-4e3e-ce34-fd50-c719af0a724b, NVIDIA A40, 580.95.05, 21104, 46068, 100, 296.16
2026/08/24 16:31:02.370, 0, GPU-5424a982-4e3e-ce34-fd50-c719af0a724b, NVIDIA A40, 580.95.05, 21104, 46068, 100, 295.42
2026/08/24 16:31:02.570, 0, GPU-5424a982-4e3e-ce34-fd50-c719af0a724b, NVIDIA A40, 580.95.05, 21104, 46068, 100, 298.61
2026/08/24 16:31:02.770, 0, GPU-5424a982-4e3e-ce34-fd50-c719af0a724b, NVIDIA A40, 580.95.05, 21104, 46068, 100, 298.62
2026/08/24 16:31:02.970, 0, GPU-5424a982-4e3e-ce34-fd50-c719af0a724b, NVIDIA A40, 580.95.05, 21104, 46068, 100, 300.05
2026/08/24 16:31:03.171, 0, GPU-5424a982-4e3e-ce34-fd50-c719af0a724b, NVIDIA A40, 580.95.05, 21104, 46068, 100, 299.87
2026/08/24 16:31:03.371, 0, GPU-5424a982-4e3e-ce34-fd50-c719af0a724b, NVIDIA A40, 580.95.05, 21104, 46068, 100, 299.98
2026/08/24 16:31:03.571, 0, GPU-5424a982-4e3e-ce34-fd50-c719af0a724b, NVIDIA A40, 580.95.05, 21104, 46068, 100, 299.52
2026/08/24 16:31:03.771, 0, GPU-5424a982-4e3e-ce34-fd50-c719af0a724b, NVIDIA A40, 580.95.05, 21104, 46068, 100, 300.42
2026/08/24 16:31:03.971, 0, GPU-5424a982-4e3e-ce34-fd50-c719af0a724b, NVIDIA A40, 580.95.05, 21104, 46068, 100, 300.36
2026/08/24 16:31:04.171, 0, GPU-5424a982-4e3e-ce34-fd50-c719af0a724b, NVIDIA A40, 580.95.05, 21104, 46068, 100, 300.74
2026/08/24 16:31:04.371, 0, GPU-5424a982-4e3e-ce34-fd50-c719af0a724b, NVIDIA A40, 580.95.05, 21104, 46068, 100, 300.51
2026/08/24 16:31:04.571, 0, GPU-5424a982-4e3e-ce34-fd50-c719af0a724b, NVIDIA A40, 580.95.05, 21104, 46068, 100, 301.52
2026/08/24 16:31:04.772, 0, GPU-5424a982-4e3e-ce34-fd50-c719af0a724b, NVIDIA A40, 580.95.05, 21104, 46068, 100, 301.99
2026/08/24 16:31:05.847, 0, GPU-5424a982-4e3e-ce34-fd50-c719af0a724b, NVIDIA A40, 580.95.05, 21104, 46068, 100, 299.02
2026/08/24 16:31:06.047, 0, GPU-5424a982-4e3e-ce34-fd50-c719af0a724b, NVIDIA A40, 580.95.05, 21104, 46068, 100, 298.21
2026/08/24 16:31:06.247, 0, GPU-5424a982-4e3e-ce34-fd50-c719af0a724b, NVIDIA A40, 580.95.05, 21104, 46068, 99, 298.76
2026/08/24 16:31:06.447, 0, GPU-5424a982-4e3e-ce34-fd50-c719af0a724b, NVIDIA A40, 580.95.05, 21104, 46068, 100, 298.47
2026/08/24 16:31:06.647, 0, GPU-5424a982-4e3e-ce34-fd50-c719af0a724b, NVIDIA A40, 580.95.05, 21104, 46068, 100, 300.03
2026/08/24 16:31:06.848, 0, GPU-5424a982-4e3e-ce34-fd50-c719af0a724b, NVIDIA A40, 580.95.05, 21104, 46068, 100, 299.38
2026/08/24 16:31:07.048, 0, GPU-5424a982-4e3e-ce34-fd50-c719af0a724b, NVIDIA A40, 580.95.05, 21104, 46068, 100, 299.10
2026/08/24 16:31:07.248, 0, GPU-5424a982-4e3e-ce34-fd50-c719af0a724b, NVIDIA A40, 580.95.05, 21104, 46068, 100, 297.61
2026/08/24 16:31:07.448, 0, GPU-5424a982-4e3e-ce34-fd50-c719af0a724b, NVIDIA A40, 580.95.05, 21104, 46068, 100, 297.05
2026/08/24 16:31:07.648, 0, GPU-5424a982-4e3e-ce34-fd50-c719af0a724b, NVIDIA A40, 580.95.05, 21104, 46068, 100, 297.16
2026/08/24 16:31:07.848, 0, GPU-5424a982-4e3e-ce34-fd50-c719af0a724b, NVIDIA A40, 580.95.05, 21104, 46068, 100, 297.88
2026/08/24 16:31:08.049, 0, GPU-5424a982-4e3e-ce34-fd50-c719af0a724b, NVIDIA A40, 580.95.05, 21104, 46068, 100, 297.31
2026/08/24 16:31:08.249, 0, GPU-5424a982-4e3e-ce34-fd50-c719af0a724b, NVIDIA A40, 580.95.05, 21104, 46068, 100, 299.90
2026/08/24 16:31:08.449, 0, GPU-5424a982-4e3e-ce34-fd50-c719af0a724b, NVIDIA A40, 580.95.05, 21104, 46068, 100, 300.33
2026/08/24 16:31:08.649, 0, GPU-5424a982-4e3e-ce34-fd50-c719af0a724b, NVIDIA A40, 580.95.05, 21104, 46068, 100, 299.32
2026/08/24 16:31:08.849, 0, GPU-5424a982-4e3e-ce34-fd50-c719af0a724b, NVIDIA A40, 580.95.05, 21104, 46068, 100, 297.95
2026/08/24 16:31:09.049, 0, GPU-5424a982-4e3e-ce34-fd50-c719af0a724b, NVIDIA A40, 580.95.05, 21104, 46068, 100, 298.49
2026/08/24 16:31:09.250, 0, GPU-5424a982-4e3e-ce34-fd50-c719af0a724b, NVIDIA A40, 580.95.05, 21104, 46068, 99, 298.32
2026/08/24 16:31:09.450, 0, GPU-5424a982-4e3e-ce34-fd50-c719af0a724b, NVIDIA A40, 580.95.05, 21104, 46068, 90, 297.58
2026/08/24 16:31:09.650, 0, GPU-5424a982-4e3e-ce34-fd50-c719af0a724b, NVIDIA A40, 580.95.05, 21104, 46068, 56, 285.49
2026/08/24 16:31:09.850, 0, GPU-5424a982-4e3e-ce34-fd50-c719af0a724b, NVIDIA A40, 580.95.05, 21104, 46068, 97, 274.26
2026/08/24 16:31:10.050, 0, GPU-5424a982-4e3e-ce34-fd50-c719af0a724b, NVIDIA A40, 580.95.05, 21104, 46068, 96, 263.40
2026/08/24 16:31:10.250, 0, GPU-5424a982-4e3e-ce34-fd50-c719af0a724b, NVIDIA A40, 580.95.05, 21104, 46068, 93, 253.37
2026/08/24 16:31:10.451, 0, GPU-5424a982-4e3e-ce34-fd50-c719af0a724b, NVIDIA A40, 580.95.05, 21104, 46068, 97, 242.88
2026/08/24 16:31:10.651, 0, GPU-5424a982-4e3e-ce34-fd50-c719af0a724b, NVIDIA A40, 580.95.05, 21104, 46068, 88, 225.49
2026/08/24 16:31:10.851, 0, GPU-5424a982-4e3e-ce34-fd50-c719af0a724b, NVIDIA A40, 580.95.05, 21104, 46068, 100, 242.62
2026/08/24 16:31:11.051, 0, GPU-5424a982-4e3e-ce34-fd50-c719af0a724b, NVIDIA A40, 580.95.05, 21104, 46068, 100, 254.28
2026/08/24 16:31:11.251, 0, GPU-5424a982-4e3e-ce34-fd50-c719af0a724b, NVIDIA A40, 580.95.05, 21104, 46068, 100, 265.52
2026/08/24 16:31:11.451, 0, GPU-5424a982-4e3e-ce34-fd50-c719af0a724b, NVIDIA A40, 580.95.05, 21104, 46068, 100, 276.00
2026/08/24 16:31:11.651, 0, GPU-5424a982-4e3e-ce34-fd50-c719af0a724b, NVIDIA A40, 580.95.05, 21104, 46068, 100, 300.35
2026/08/24 16:31:11.852, 0, GPU-5424a982-4e3e-ce34-fd50-c719af0a724b, NVIDIA A40, 580.95.05, 21104, 46068, 100, 299.46
2026/08/24 16:31:12.052, 0, GPU-5424a982-4e3e-ce34-fd50-c719af0a724b, NVIDIA A40, 580.95.05, 21104, 46068, 100, 300.85
2026/08/24 16:31:12.252, 0, GPU-5424a982-4e3e-ce34-fd50-c719af0a724b, NVIDIA A40, 580.95.05, 21104, 46068, 100, 299.12
2026/08/24 16:31:12.452, 0, GPU-5424a982-4e3e-ce34-fd50-c719af0a724b, NVIDIA A40, 580.95.05, 21104, 46068, 100, 300.02
2026/08/24 16:31:12.652, 0, GPU-5424a982-4e3e-ce34-fd50-c719af0a724b, NVIDIA A40, 580.95.05, 21104, 46068, 100, 299.51
2026/08/24 16:31:12.852, 0, GPU-5424a982-4e3e-ce34-fd50-c719af0a724b, NVIDIA A40, 580.95.05, 21104, 46068, 100, 300.05
2026/08/24 16:31:13.052, 0, GPU-5424a982-4e3e-ce34-fd50-c719af0a724b, NVIDIA A40, 580.95.05, 21104, 46068, 100, 299.80
2026/08/24 16:31:13.253, 0, GPU-5424a982-4e3e-ce34-fd50-c719af0a724b, NVIDIA A40, 580.95.05, 21104, 46068, 100, 300.89
2026/08/24 16:31:13.453, 0, GPU-5424a982-4e3e-ce34-fd50-c719af0a724b, NVIDIA A40, 580.95.05, 21104, 46068, 100, 299.72
2026/08/24 16:31:13.653, 0, GPU-5424a982-4e3e-ce34-fd50-c719af0a724b, NVIDIA A40, 580.95.05, 21104, 46068, 100, 299.68
2026/08/24 16:31:13.853, 0, GPU-5424a982-4e3e-ce34-fd50-c719af0a724b, NVIDIA A40, 580.95.05, 21104, 46068, 100, 300.42
2026/08/24 16:31:14.053, 0, GPU-5424a982-4e3e-ce34-fd50-c719af0a724b, NVIDIA A40, 580.95.05, 21104, 46068, 100, 299.64
2026/08/24 16:31:14.253, 0, GPU-5424a982-4e3e-ce34-fd50-c719af0a724b, NVIDIA A40, 580.95.05, 21104, 46068, 100, 300.76
2026/08/24 16:31:14.453, 0, GPU-5424a982-4e3e-ce34-fd50-c719af0a724b, NVIDIA A40, 580.95.05, 21104, 46068, 100, 301.14
2026/08/24 16:31:14.654, 0, GPU-5424a982-4e3e-ce34-fd50-c719af0a724b, NVIDIA A40, 580.95.05, 21104, 46068, 100, 301.43
2026/08/24 16:31:14.854, 0, GPU-5424a982-4e3e-ce34-fd50-c719af0a724b, NVIDIA A40, 580.95.05, 21104, 46068, 100, 300.79
2026/08/24 16:31:15.054, 0, GPU-5424a982-4e3e-ce34-fd50-c719af0a724b, NVIDIA A40, 580.95.05, 21104, 46068, 100, 299.40
2026/08/24 16:31:15.254, 0, GPU-5424a982-4e3e-ce34-fd50-c719af0a724b, NVIDIA A40, 580.95.05, 21104, 46068, 100, 299.14
2026/08/24 16:31:15.454, 0, GPU-5424a982-4e3e-ce34-fd50-c719af0a724b, NVIDIA A40, 580.95.05, 21104, 46068, 100, 298.98
2026/08/24 16:31:15.654, 0, GPU-5424a982-4e3e-ce34-fd50-c719af0a724b, NVIDIA A40, 580.95.05, 21104, 46068, 100, 298.43
2026/08/24 16:31:15.854, 0, GPU-5424a982-4e3e-ce34-fd50-c719af0a724b, NVIDIA A40, 580.95.05, 21104, 46068, 100, 296.14
2026/08/24 16:31:16.055, 0, GPU-5424a982-4e3e-ce34-fd50-c719af0a724b, NVIDIA A40, 580.95.05, 21104, 46068, 100, 295.38
2026/08/24 16:31:16.255, 0, GPU-5424a982-4e3e-ce34-fd50-c719af0a724b, NVIDIA A40, 580.95.05, 21104, 46068, 100, 296.51
2026/08/24 16:31:16.455, 0, GPU-5424a982-4e3e-ce34-fd50-c719af0a724b, NVIDIA A40, 580.95.05, 21104, 46068, 100, 296.23
2026/08/24 16:31:16.655, 0, GPU-5424a982-4e3e-ce34-fd50-c719af0a724b, NVIDIA A40, 580.95.05, 21104, 46068, 100, 296.27
2026/08/24 16:31:16.855, 0, GPU-5424a982-4e3e-ce34-fd50-c719af0a724b, NVIDIA A40, 580.95.05, 21104, 46068, 100, 297.12
2026/08/24 16:31:17.055, 0, GPU-5424a982-4e3e-ce34-fd50-c719af0a724b, NVIDIA A40, 580.95.05, 21104, 46068, 100, 299.83
2026/08/24 16:31:17.255, 0, GPU-5424a982-4e3e-ce34-fd50-c719af0a724b, NVIDIA A40, 580.95.05, 21104, 46068, 100, 300.58
2026/08/24 16:31:17.455, 0, GPU-5424a982-4e3e-ce34-fd50-c719af0a724b, NVIDIA A40, 580.95.05, 21104, 46068, 100, 298.57
2026/08/24 16:31:17.656, 0, GPU-5424a982-4e3e-ce34-fd50-c719af0a724b, NVIDIA A40, 580.95.05, 21104, 46068, 100, 299.73
2026/08/24 16:31:17.856, 0, GPU-5424a982-4e3e-ce34-fd50-c719af0a724b, NVIDIA A40, 580.95.05, 21104, 46068, 100, 299.66
2026/08/24 16:31:18.056, 0, GPU-5424a982-4e3e-ce34-fd50-c719af0a724b, NVIDIA A40, 580.95.05, 21104, 46068, 100, 300.88
2026/08/24 16:31:18.256, 0, GPU-5424a982-4e3e-ce34-fd50-c719af0a724b, NVIDIA A40, 580.95.05, 21104, 46068, 100, 300.06
2026/08/24 16:31:18.456, 0, GPU-5424a982-4e3e-ce34-fd50-c719af0a724b, NVIDIA A40, 580.95.05, 21104, 46068, 100, 300.01
2026/08/24 16:31:18.656, 0, GPU-5424a982-4e3e-ce34-fd50-c719af0a724b, NVIDIA A40, 580.95.05, 21104, 46068, 100, 299.71
2026/08/24 16:31:18.856, 0, GPU-5424a982-4e3e-ce34-fd50-c719af0a724b, NVIDIA A40, 580.95.05, 21104, 46068, 100, 299.88
2026/08/24 16:31:19.057, 0, GPU-5424a982-4e3e-ce34-fd50-c719af0a724b, NVIDIA A40, 580.95.05, 21104, 46068, 100, 298.56
2026/08/24 16:31:19.257, 0, GPU-5424a982-4e3e-ce34-fd50-c719af0a724b, NVIDIA A40, 580.95.05, 21104, 46068, 100, 298.22
2026/08/24 16:31:19.457, 0, GPU-5424a982-4e3e-ce34-fd50-c719af0a724b, NVIDIA A40, 580.95.05, 21104, 46068, 100, 298.06
2026/08/24 16:31:19.657, 0, GPU-5424a982-4e3e-ce34-fd50-c719af0a724b, NVIDIA A40, 580.95.05, 21104, 46068, 100, 297.93
2026/08/24 16:31:19.857, 0, GPU-5424a982-4e3e-ce34-fd50-c719af0a724b, NVIDIA A40, 580.95.05, 21104, 46068, 100, 299.42
2026/08/24 16:31:20.057, 0, GPU-5424a982-4e3e-ce34-fd50-c719af0a724b, NVIDIA A40, 580.95.05, 21104, 46068, 100, 299.23
2026/08/24 16:31:20.258, 0, GPU-5424a982-4e3e-ce34-fd50-c719af0a724b, NVIDIA A40, 580.95.05, 21104, 46068, 100, 298.29
2026/08/24 16:31:20.458, 0, GPU-5424a982-4e3e-ce34-fd50-c719af0a724b, NVIDIA A40, 580.95.05, 21104, 46068, 100, 299.66
2026/08/24 16:31:20.658, 0, GPU-5424a982-4e3e-ce34-fd50-c719af0a724b, NVIDIA A40, 580.95.05, 21104, 46068, 100, 298.47
2026/08/24 16:31:20.858, 0, GPU-5424a982-4e3e-ce34-fd50-c719af0a724b, NVIDIA A40, 580.95.05, 21104, 46068, 83, 284.38
2026/08/24 16:31:21.058, 0, GPU-5424a982-4e3e-ce34-fd50-c719af0a724b, NVIDIA A40, 580.95.05, 21104, 46068, 96, 272.69
2026/08/24 16:31:21.258, 0, GPU-5424a982-4e3e-ce34-fd50-c719af0a724b, NVIDIA A40, 580.95.05, 21104, 46068, 97, 262.92
2026/08/24 16:31:21.459, 0, GPU-5424a982-4e3e-ce34-fd50-c719af0a724b, NVIDIA A40, 580.95.05, 21104, 46068, 93, 251.65
2026/08/24 16:31:21.659, 0, GPU-5424a982-4e3e-ce34-fd50-c719af0a724b, NVIDIA A40, 580.95.05, 21104, 46068, 63, 246.13
2026/08/24 16:31:21.859, 0, GPU-5424a982-4e3e-ce34-fd50-c719af0a724b, NVIDIA A40, 580.95.05, 21104, 46068, 100, 249.28
2026/08/24 16:31:22.059, 0, GPU-5424a982-4e3e-ce34-fd50-c719af0a724b, NVIDIA A40, 580.95.05, 21104, 46068, 100, 268.65
2026/08/24 16:31:22.259, 0, GPU-5424a982-4e3e-ce34-fd50-c719af0a724b, NVIDIA A40, 580.95.05, 21104, 46068, 100, 280.47
2026/08/24 16:31:22.459, 0, GPU-5424a982-4e3e-ce34-fd50-c719af0a724b, NVIDIA A40, 580.95.05, 21104, 46068, 100, 292.39
2026/08/24 16:31:22.659, 0, GPU-5424a982-4e3e-ce34-fd50-c719af0a724b, NVIDIA A40, 580.95.05, 21104, 46068, 100, 301.34
2026/08/24 16:31:22.859, 0, GPU-5424a982-4e3e-ce34-fd50-c719af0a724b, NVIDIA A40, 580.95.05, 21104, 46068, 100, 300.86
2026/08/24 16:31:23.060, 0, GPU-5424a982-4e3e-ce34-fd50-c719af0a724b, NVIDIA A40, 580.95.05, 21104, 46068, 100, 298.73
2026/08/24 16:31:23.260, 0, GPU-5424a982-4e3e-ce34-fd50-c719af0a724b, NVIDIA A40, 580.95.05, 21104, 46068, 100, 299.18
2026/08/24 16:31:23.460, 0, GPU-5424a982-4e3e-ce34-fd50-c719af0a724b, NVIDIA A40, 580.95.05, 21104, 46068, 100, 297.93
2026/08/24 16:31:23.660, 0, GPU-5424a982-4e3e-ce34-fd50-c719af0a724b, NVIDIA A40, 580.95.05, 21104, 46068, 100, 298.48
2026/08/24 16:31:23.860, 0, GPU-5424a982-4e3e-ce34-fd50-c719af0a724b, NVIDIA A40, 580.95.05, 21104, 46068, 100, 300.35
2026/08/24 16:31:24.060, 0, GPU-5424a982-4e3e-ce34-fd50-c719af0a724b, NVIDIA A40, 580.95.05, 21104, 46068, 100, 300.37
2026/08/24 16:31:24.261, 0, GPU-5424a982-4e3e-ce34-fd50-c719af0a724b, NVIDIA A40, 580.95.05, 21104, 46068, 100, 299.99
2026/08/24 16:31:24.461, 0, GPU-5424a982-4e3e-ce34-fd50-c719af0a724b, NVIDIA A40, 580.95.05, 21104, 46068, 100, 300.31
2026/08/24 16:31:24.661, 0, GPU-5424a982-4e3e-ce34-fd50-c719af0a724b, NVIDIA A40, 580.95.05, 21104, 46068, 100, 301.21
2026/08/24 16:31:24.861, 0, GPU-5424a982-4e3e-ce34-fd50-c719af0a724b, NVIDIA A40, 580.95.05, 21104, 46068, 100, 298.92
2026/08/24 16:31:25.061, 0, GPU-5424a982-4e3e-ce34-fd50-c719af0a724b, NVIDIA A40, 580.95.05, 21104, 46068, 100, 299.73
2026/08/24 16:31:25.261, 0, GPU-5424a982-4e3e-ce34-fd50-c719af0a724b, NVIDIA A40, 580.95.05, 21104, 46068, 100, 299.13
2026/08/24 16:31:25.461, 0, GPU-5424a982-4e3e-ce34-fd50-c719af0a724b, NVIDIA A40, 580.95.05, 21104, 46068, 100, 298.35
2026/08/24 16:31:25.661, 0, GPU-5424a982-4e3e-ce34-fd50-c719af0a724b, NVIDIA A40, 580.95.05, 21104, 46068, 100, 299.24
2026/08/24 16:31:25.862, 0, GPU-5424a982-4e3e-ce34-fd50-c719af0a724b, NVIDIA A40, 580.95.05, 21104, 46068, 100, 299.83
2026/08/24 16:31:26.062, 0, GPU-5424a982-4e3e-ce34-fd50-c719af0a724b, NVIDIA A40, 580.95.05, 21104, 46068, 100, 300.28
2026/08/24 16:31:26.262, 0, GPU-5424a982-4e3e-ce34-fd50-c719af0a724b, NVIDIA A40, 580.95.05, 21104, 46068, 100, 299.88
2026/08/24 16:31:26.462, 0, GPU-5424a982-4e3e-ce34-fd50-c719af0a724b, NVIDIA A40, 580.95.05, 21104, 46068, 100, 299.97
2026/08/24 16:31:26.662, 0, GPU-5424a982-4e3e-ce34-fd50-c719af0a724b, NVIDIA A40, 580.95.05, 21104, 46068, 100, 300.83
2026/08/24 16:31:26.862, 0, GPU-5424a982-4e3e-ce34-fd50-c719af0a724b, NVIDIA A40, 580.95.05, 21104, 46068, 100, 300.51
2026/08/24 16:31:27.062, 0, GPU-5424a982-4e3e-ce34-fd50-c719af0a724b, NVIDIA A40, 580.95.05, 21104, 46068, 100, 301.71
2026/08/24 16:31:27.262, 0, GPU-5424a982-4e3e-ce34-fd50-c719af0a724b, NVIDIA A40, 580.95.05, 21104, 46068, 100, 301.09
2026/08/24 16:31:27.463, 0, GPU-5424a982-4e3e-ce34-fd50-c719af0a724b, NVIDIA A40, 580.95.05, 21104, 46068, 100, 301.33
2026/08/24 16:31:27.663, 0, GPU-5424a982-4e3e-ce34-fd50-c719af0a724b, NVIDIA A40, 580.95.05, 21104, 46068, 100, 300.30
2026/08/24 16:31:27.863, 0, GPU-5424a982-4e3e-ce34-fd50-c719af0a724b, NVIDIA A40, 580.95.05, 21104, 46068, 100, 299.60
2026/08/24 16:31:28.063, 0, GPU-5424a982-4e3e-ce34-fd50-c719af0a724b, NVIDIA A40, 580.95.05, 21104, 46068, 100, 298.27
2026/08/24 16:31:28.263, 0, GPU-5424a982-4e3e-ce34-fd50-c719af0a724b, NVIDIA A40, 580.95.05, 21104, 46068, 100, 297.35
2026/08/24 16:31:28.463, 0, GPU-5424a982-4e3e-ce34-fd50-c719af0a724b, NVIDIA A40, 580.95.05, 21104, 46068, 100, 297.27
2026/08/24 16:31:28.663, 0, GPU-5424a982-4e3e-ce34-fd50-c719af0a724b, NVIDIA A40, 580.95.05, 21104, 46068, 100, 298.52
2026/08/24 16:31:28.864, 0, GPU-5424a982-4e3e-ce34-fd50-c719af0a724b, NVIDIA A40, 580.95.05, 21104, 46068, 100, 297.49
2026/08/24 16:31:29.064, 0, GPU-5424a982-4e3e-ce34-fd50-c719af0a724b, NVIDIA A40, 580.95.05, 21104, 46068, 100, 298.62
2026/08/24 16:31:29.264, 0, GPU-5424a982-4e3e-ce34-fd50-c719af0a724b, NVIDIA A40, 580.95.05, 21104, 46068, 100, 300.25
2026/08/24 16:31:29.464, 0, GPU-5424a982-4e3e-ce34-fd50-c719af0a724b, NVIDIA A40, 580.95.05, 21104, 46068, 100, 299.20
2026/08/24 16:31:29.664, 0, GPU-5424a982-4e3e-ce34-fd50-c719af0a724b, NVIDIA A40, 580.95.05, 21104, 46068, 100, 298.02
2026/08/24 16:31:29.864, 0, GPU-5424a982-4e3e-ce34-fd50-c719af0a724b, NVIDIA A40, 580.95.05, 21104, 46068, 100, 299.04
2026/08/24 16:31:30.065, 0, GPU-5424a982-4e3e-ce34-fd50-c719af0a724b, NVIDIA A40, 580.95.05, 21104, 46068, 100, 299.48
2026/08/24 16:31:30.265, 0, GPU-5424a982-4e3e-ce34-fd50-c719af0a724b, NVIDIA A40, 580.95.05, 21104, 46068, 100, 299.30
2026/08/24 16:31:30.465, 0, GPU-5424a982-4e3e-ce34-fd50-c719af0a724b, NVIDIA A40, 580.95.05, 21104, 46068, 100, 299.21
2026/08/24 16:31:30.665, 0, GPU-5424a982-4e3e-ce34-fd50-c719af0a724b, NVIDIA A40, 580.95.05, 21104, 46068, 100, 300.32
2026/08/24 16:31:30.865, 0, GPU-5424a982-4e3e-ce34-fd50-c719af0a724b, NVIDIA A40, 580.95.05, 21104, 46068, 100, 299.79
2026/08/24 16:31:31.065, 0, GPU-5424a982-4e3e-ce34-fd50-c719af0a724b, NVIDIA A40, 580.95.05, 21104, 46068, 100, 298.78
2026/08/24 16:31:31.265, 0, GPU-5424a982-4e3e-ce34-fd50-c719af0a724b, NVIDIA A40, 580.95.05, 21104, 46068, 100, 299.31
2026/08/24 16:31:31.466, 0, GPU-5424a982-4e3e-ce34-fd50-c719af0a724b, NVIDIA A40, 580.95.05, 21104, 46068, 100, 298.83
2026/08/24 16:31:31.666, 0, GPU-5424a982-4e3e-ce34-fd50-c719af0a724b, NVIDIA A40, 580.95.05, 21104, 46068, 100, 298.53
2026/08/24 16:31:31.866, 0, GPU-5424a982-4e3e-ce34-fd50-c719af0a724b, NVIDIA A40, 580.95.05, 21104, 46068, 100, 300.14
2026/08/24 16:31:32.066, 0, GPU-5424a982-4e3e-ce34-fd50-c719af0a724b, NVIDIA A40, 580.95.05, 21104, 46068, 96, 288.99
2026/08/24 16:31:32.266, 0, GPU-5424a982-4e3e-ce34-fd50-c719af0a724b, NVIDIA A40, 580.95.05, 21104, 46068, 97, 278.22
2026/08/24 16:31:32.466, 0, GPU-5424a982-4e3e-ce34-fd50-c719af0a724b, NVIDIA A40, 580.95.05, 21104, 46068, 93, 264.73
2026/08/24 16:31:32.666, 0, GPU-5424a982-4e3e-ce34-fd50-c719af0a724b, NVIDIA A40, 580.95.05, 21104, 46068, 96, 254.92
2026/08/24 16:31:32.867, 0, GPU-5424a982-4e3e-ce34-fd50-c719af0a724b, NVIDIA A40, 580.95.05, 21104, 46068, 39, 228.64
2026/08/24 16:31:33.067, 0, GPU-5424a982-4e3e-ce34-fd50-c719af0a724b, NVIDIA A40, 580.95.05, 21104, 46068, 100, 236.26
2026/08/24 16:31:33.267, 0, GPU-5424a982-4e3e-ce34-fd50-c719af0a724b, NVIDIA A40, 580.95.05, 21104, 46068, 100, 246.60
2026/08/24 16:31:33.467, 0, GPU-5424a982-4e3e-ce34-fd50-c719af0a724b, NVIDIA A40, 580.95.05, 21104, 46068, 100, 256.52
2026/08/24 16:31:33.667, 0, GPU-5424a982-4e3e-ce34-fd50-c719af0a724b, NVIDIA A40, 580.95.05, 21104, 46068, 100, 269.36
2026/08/24 16:31:33.867, 0, GPU-5424a982-4e3e-ce34-fd50-c719af0a724b, NVIDIA A40, 580.95.05, 21104, 46068, 100, 278.00
2026/08/24 16:31:34.068, 0, GPU-5424a982-4e3e-ce34-fd50-c719af0a724b, NVIDIA A40, 580.95.05, 21104, 46068, 100, 297.25
2026/08/24 16:31:34.268, 0, GPU-5424a982-4e3e-ce34-fd50-c719af0a724b, NVIDIA A40, 580.95.05, 21104, 46068, 100, 297.38
2026/08/24 16:31:34.468, 0, GPU-5424a982-4e3e-ce34-fd50-c719af0a724b, NVIDIA A40, 580.95.05, 21104, 46068, 100, 298.16
2026/08/24 16:31:34.668, 0, GPU-5424a982-4e3e-ce34-fd50-c719af0a724b, NVIDIA A40, 580.95.05, 21104, 46068, 100, 298.75
2026/08/24 16:31:34.868, 0, GPU-5424a982-4e3e-ce34-fd50-c719af0a724b, NVIDIA A40, 580.95.05, 21104, 46068, 100, 299.92
2026/08/24 16:31:35.068, 0, GPU-5424a982-4e3e-ce34-fd50-c719af0a724b, NVIDIA A40, 580.95.05, 21104, 46068, 100, 300.99
2026/08/24 16:31:35.268, 0, GPU-5424a982-4e3e-ce34-fd50-c719af0a724b, NVIDIA A40, 580.95.05, 21104, 46068, 100, 301.50
2026/08/24 16:31:35.468, 0, GPU-5424a982-4e3e-ce34-fd50-c719af0a724b, NVIDIA A40, 580.95.05, 21104, 46068, 100, 301.43
2026/08/24 16:31:35.669, 0, GPU-5424a982-4e3e-ce34-fd50-c719af0a724b, NVIDIA A40, 580.95.05, 21104, 46068, 100, 299.90
2026/08/24 16:31:35.869, 0, GPU-5424a982-4e3e-ce34-fd50-c719af0a724b, NVIDIA A40, 580.95.05, 21104, 46068, 100, 300.84
2026/08/24 16:31:36.069, 0, GPU-5424a982-4e3e-ce34-fd50-c719af0a724b, NVIDIA A40, 580.95.05, 21104, 46068, 100, 300.03
2026/08/24 16:31:36.269, 0, GPU-5424a982-4e3e-ce34-fd50-c719af0a724b, NVIDIA A40, 580.95.05, 21104, 46068, 100, 299.49
2026/08/24 16:31:36.469, 0, GPU-5424a982-4e3e-ce34-fd50-c719af0a724b, NVIDIA A40, 580.95.05, 21104, 46068, 100, 299.98
2026/08/24 16:31:36.669, 0, GPU-5424a982-4e3e-ce34-fd50-c719af0a724b, NVIDIA A40, 580.95.05, 21104, 46068, 100, 299.49
2026/08/24 16:31:36.870, 0, GPU-5424a982-4e3e-ce34-fd50-c719af0a724b, NVIDIA A40, 580.95.05, 21104, 46068, 100, 300.19
2026/08/24 16:31:37.070, 0, GPU-5424a982-4e3e-ce34-fd50-c719af0a724b, NVIDIA A40, 580.95.05, 21104, 46068, 100, 299.90
2026/08/24 16:31:37.270, 0, GPU-5424a982-4e3e-ce34-fd50-c719af0a724b, NVIDIA A40, 580.95.05, 21104, 46068, 100, 299.53
2026/08/24 16:31:37.470, 0, GPU-5424a982-4e3e-ce34-fd50-c719af0a724b, NVIDIA A40, 580.95.05, 21104, 46068, 98, 298.60
2026/08/24 16:31:37.670, 0, GPU-5424a982-4e3e-ce34-fd50-c719af0a724b, NVIDIA A40, 580.95.05, 21104, 46068, 100, 298.04
2026/08/24 16:31:37.870, 0, GPU-5424a982-4e3e-ce34-fd50-c719af0a724b, NVIDIA A40, 580.95.05, 21104, 46068, 100, 298.24
2026/08/24 16:31:38.070, 0, GPU-5424a982-4e3e-ce34-fd50-c719af0a724b, NVIDIA A40, 580.95.05, 21104, 46068, 100, 296.33
2026/08/24 16:31:38.270, 0, GPU-5424a982-4e3e-ce34-fd50-c719af0a724b, NVIDIA A40, 580.95.05, 21104, 46068, 100, 296.92
2026/08/24 16:31:38.470, 0, GPU-5424a982-4e3e-ce34-fd50-c719af0a724b, NVIDIA A40, 580.95.05, 21104, 46068, 100, 298.54
2026/08/24 16:31:38.671, 0, GPU-5424a982-4e3e-ce34-fd50-c719af0a724b, NVIDIA A40, 580.95.05, 21104, 46068, 100, 299.28
2026/08/24 16:31:38.871, 0, GPU-5424a982-4e3e-ce34-fd50-c719af0a724b, NVIDIA A40, 580.95.05, 21104, 46068, 100, 299.61
2026/08/24 16:31:39.071, 0, GPU-5424a982-4e3e-ce34-fd50-c719af0a724b, NVIDIA A40, 580.95.05, 21104, 46068, 100, 299.58
2026/08/24 16:31:39.271, 0, GPU-5424a982-4e3e-ce34-fd50-c719af0a724b, NVIDIA A40, 580.95.05, 21104, 46068, 100, 301.03
2026/08/24 16:31:39.471, 0, GPU-5424a982-4e3e-ce34-fd50-c719af0a724b, NVIDIA A40, 580.95.05, 21104, 46068, 100, 300.23
2026/08/24 16:31:39.671, 0, GPU-5424a982-4e3e-ce34-fd50-c719af0a724b, NVIDIA A40, 580.95.05, 21104, 46068, 100, 299.42
2026/08/24 16:31:39.872, 0, GPU-5424a982-4e3e-ce34-fd50-c719af0a724b, NVIDIA A40, 580.95.05, 21104, 46068, 100, 299.29
2026/08/24 16:31:40.072, 0, GPU-5424a982-4e3e-ce34-fd50-c719af0a724b, NVIDIA A40, 580.95.05, 21104, 46068, 100, 299.50
2026/08/24 16:31:40.272, 0, GPU-5424a982-4e3e-ce34-fd50-c719af0a724b, NVIDIA A40, 580.95.05, 21104, 46068, 100, 299.83
2026/08/24 16:31:40.472, 0, GPU-5424a982-4e3e-ce34-fd50-c719af0a724b, NVIDIA A40, 580.95.05, 21104, 46068, 100, 298.99
2026/08/24 16:31:40.672, 0, GPU-5424a982-4e3e-ce34-fd50-c719af0a724b, NVIDIA A40, 580.95.05, 21104, 46068, 100, 301.12
2026/08/24 16:31:40.872, 0, GPU-5424a982-4e3e-ce34-fd50-c719af0a724b, NVIDIA A40, 580.95.05, 21104, 46068, 100, 301.63
2026/08/24 16:31:41.072, 0, GPU-5424a982-4e3e-ce34-fd50-c719af0a724b, NVIDIA A40, 580.95.05, 21104, 46068, 100, 301.97
2026/08/24 16:31:41.273, 0, GPU-5424a982-4e3e-ce34-fd50-c719af0a724b, NVIDIA A40, 580.95.05, 21104, 46068, 100, 302.85
2026/08/24 16:31:41.473, 0, GPU-5424a982-4e3e-ce34-fd50-c719af0a724b, NVIDIA A40, 580.95.05, 21104, 46068, 100, 302.73
2026/08/24 16:31:41.673, 0, GPU-5424a982-4e3e-ce34-fd50-c719af0a724b, NVIDIA A40, 580.95.05, 21104, 46068, 100, 301.21
2026/08/24 16:31:41.873, 0, GPU-5424a982-4e3e-ce34-fd50-c719af0a724b, NVIDIA A40, 580.95.05, 21104, 46068, 100, 300.40
2026/08/24 16:31:42.073, 0, GPU-5424a982-4e3e-ce34-fd50-c719af0a724b, NVIDIA A40, 580.95.05, 21104, 46068, 100, 301.30
2026/08/24 16:31:42.273, 0, GPU-5424a982-4e3e-ce34-fd50-c719af0a724b, NVIDIA A40, 580.95.05, 21104, 46068, 99, 301.18
2026/08/24 16:31:42.473, 0, GPU-5424a982-4e3e-ce34-fd50-c719af0a724b, NVIDIA A40, 580.95.05, 21104, 46068, 100, 300.20
2026/08/24 16:31:42.674, 0, GPU-5424a982-4e3e-ce34-fd50-c719af0a724b, NVIDIA A40, 580.95.05, 21104, 46068, 100, 300.37
2026/08/24 16:31:42.874, 0, GPU-5424a982-4e3e-ce34-fd50-c719af0a724b, NVIDIA A40, 580.95.05, 21104, 46068, 100, 298.21
2026/08/24 16:31:43.074, 0, GPU-5424a982-4e3e-ce34-fd50-c719af0a724b, NVIDIA A40, 580.95.05, 21104, 46068, 100, 299.51
2026/08/24 16:31:43.274, 0, GPU-5424a982-4e3e-ce34-fd50-c719af0a724b, NVIDIA A40, 580.95.05, 21104, 46068, 74, 292.13
2026/08/24 16:31:43.474, 0, GPU-5424a982-4e3e-ce34-fd50-c719af0a724b, NVIDIA A40, 580.95.05, 21104, 46068, 96, 282.71
2026/08/24 16:31:43.674, 0, GPU-5424a982-4e3e-ce34-fd50-c719af0a724b, NVIDIA A40, 580.95.05, 21104, 46068, 96, 272.80
2026/08/24 16:31:43.875, 0, GPU-5424a982-4e3e-ce34-fd50-c719af0a724b, NVIDIA A40, 580.95.05, 21104, 46068, 96, 261.75
2026/08/24 16:31:44.075, 0, GPU-5424a982-4e3e-ce34-fd50-c719af0a724b, NVIDIA A40, 580.95.05, 21104, 46068, 65, 259.80
2026/08/24 16:31:44.275, 0, GPU-5424a982-4e3e-ce34-fd50-c719af0a724b, NVIDIA A40, 580.95.05, 21104, 46068, 100, 257.16
2026/08/24 16:31:44.475, 0, GPU-5424a982-4e3e-ce34-fd50-c719af0a724b, NVIDIA A40, 580.95.05, 21104, 46068, 100, 269.83
2026/08/24 16:31:44.675, 0, GPU-5424a982-4e3e-ce34-fd50-c719af0a724b, NVIDIA A40, 580.95.05, 21104, 46068, 100, 280.54
2026/08/24 16:31:44.875, 0, GPU-5424a982-4e3e-ce34-fd50-c719af0a724b, NVIDIA A40, 580.95.05, 21104, 46068, 100, 294.46
2026/08/24 16:31:45.075, 0, GPU-5424a982-4e3e-ce34-fd50-c719af0a724b, NVIDIA A40, 580.95.05, 21104, 46068, 100, 302.29
2026/08/24 16:31:45.275, 0, GPU-5424a982-4e3e-ce34-fd50-c719af0a724b, NVIDIA A40, 580.95.05, 21104, 46068, 100, 302.72
2026/08/24 16:31:45.476, 0, GPU-5424a982-4e3e-ce34-fd50-c719af0a724b, NVIDIA A40, 580.95.05, 21104, 46068, 100, 301.96
2026/08/24 16:31:45.676, 0, GPU-5424a982-4e3e-ce34-fd50-c719af0a724b, NVIDIA A40, 580.95.05, 21104, 46068, 100, 301.58
2026/08/24 16:31:45.876, 0, GPU-5424a982-4e3e-ce34-fd50-c719af0a724b, NVIDIA A40, 580.95.05, 21104, 46068, 100, 299.68
2026/08/24 16:31:46.076, 0, GPU-5424a982-4e3e-ce34-fd50-c719af0a724b, NVIDIA A40, 580.95.05, 21104, 46068, 100, 298.46
2026/08/24 16:31:46.276, 0, GPU-5424a982-4e3e-ce34-fd50-c719af0a724b, NVIDIA A40, 580.95.05, 21104, 46068, 100, 298.80
2026/08/24 16:31:46.476, 0, GPU-5424a982-4e3e-ce34-fd50-c719af0a724b, NVIDIA A40, 580.95.05, 21104, 46068, 100, 296.96
2026/08/24 16:31:46.676, 0, GPU-5424a982-4e3e-ce34-fd50-c719af0a724b, NVIDIA A40, 580.95.05, 21104, 46068, 100, 296.54
2026/08/24 16:31:46.876, 0, GPU-5424a982-4e3e-ce34-fd50-c719af0a724b, NVIDIA A40, 580.95.05, 21104, 46068, 100, 295.78
2026/08/24 16:31:47.077, 0, GPU-5424a982-4e3e-ce34-fd50-c719af0a724b, NVIDIA A40, 580.95.05, 21104, 46068, 100, 297.28
2026/08/24 16:31:47.277, 0, GPU-5424a982-4e3e-ce34-fd50-c719af0a724b, NVIDIA A40, 580.95.05, 21104, 46068, 100, 298.67
2026/08/24 16:31:47.477, 0, GPU-5424a982-4e3e-ce34-fd50-c719af0a724b, NVIDIA A40, 580.95.05, 21104, 46068, 100, 299.08
2026/08/24 16:31:47.677, 0, GPU-5424a982-4e3e-ce34-fd50-c719af0a724b, NVIDIA A40, 580.95.05, 21104, 46068, 100, 299.16
2026/08/24 16:31:47.877, 0, GPU-5424a982-4e3e-ce34-fd50-c719af0a724b, NVIDIA A40, 580.95.05, 21104, 46068, 100, 298.46
2026/08/24 16:31:48.077, 0, GPU-5424a982-4e3e-ce34-fd50-c719af0a724b, NVIDIA A40, 580.95.05, 21104, 46068, 100, 299.36
2026/08/24 16:31:48.277, 0, GPU-5424a982-4e3e-ce34-fd50-c719af0a724b, NVIDIA A40, 580.95.05, 21104, 46068, 100, 300.23
2026/08/24 16:31:48.477, 0, GPU-5424a982-4e3e-ce34-fd50-c719af0a724b, NVIDIA A40, 580.95.05, 21104, 46068, 100, 300.84
2026/08/24 16:31:48.678, 0, GPU-5424a982-4e3e-ce34-fd50-c719af0a724b, NVIDIA A40, 580.95.05, 21104, 46068, 99, 300.90
2026/08/24 16:31:48.878, 0, GPU-5424a982-4e3e-ce34-fd50-c719af0a724b, NVIDIA A40, 580.95.05, 21104, 46068, 100, 299.73
2026/08/24 16:31:49.078, 0, GPU-5424a982-4e3e-ce34-fd50-c719af0a724b, NVIDIA A40, 580.95.05, 21104, 46068, 100, 300.33
2026/08/24 16:31:49.278, 0, GPU-5424a982-4e3e-ce34-fd50-c719af0a724b, NVIDIA A40, 580.95.05, 21104, 46068, 100, 300.46
2026/08/24 16:31:49.478, 0, GPU-5424a982-4e3e-ce34-fd50-c719af0a724b, NVIDIA A40, 580.95.05, 21104, 46068, 100, 299.62
2026/08/24 16:31:49.678, 0, GPU-5424a982-4e3e-ce34-fd50-c719af0a724b, NVIDIA A40, 580.95.05, 21104, 46068, 100, 300.10
2026/08/24 16:31:49.878, 0, GPU-5424a982-4e3e-ce34-fd50-c719af0a724b, NVIDIA A40, 580.95.05, 21104, 46068, 100, 299.40
2026/08/24 16:31:50.078, 0, GPU-5424a982-4e3e-ce34-fd50-c719af0a724b, NVIDIA A40, 580.95.05, 21104, 46068, 100, 298.62
2026/08/24 16:31:50.278, 0, GPU-5424a982-4e3e-ce34-fd50-c719af0a724b, NVIDIA A40, 580.95.05, 21104, 46068, 100, 297.45
2026/08/24 16:31:50.479, 0, GPU-5424a982-4e3e-ce34-fd50-c719af0a724b, NVIDIA A40, 580.95.05, 21104, 46068, 100, 298.61
2026/08/24 16:31:50.679, 0, GPU-5424a982-4e3e-ce34-fd50-c719af0a724b, NVIDIA A40, 580.95.05, 21104, 46068, 100, 298.77
2026/08/24 16:31:50.879, 0, GPU-5424a982-4e3e-ce34-fd50-c719af0a724b, NVIDIA A40, 580.95.05, 21104, 46068, 100, 298.29
2026/08/24 16:31:51.079, 0, GPU-5424a982-4e3e-ce34-fd50-c719af0a724b, NVIDIA A40, 580.95.05, 21104, 46068, 100, 298.58
2026/08/24 16:31:51.279, 0, GPU-5424a982-4e3e-ce34-fd50-c719af0a724b, NVIDIA A40, 580.95.05, 21104, 46068, 100, 298.00
2026/08/24 16:31:51.479, 0, GPU-5424a982-4e3e-ce34-fd50-c719af0a724b, NVIDIA A40, 580.95.05, 21104, 46068, 100, 298.91
2026/08/24 16:31:51.680, 0, GPU-5424a982-4e3e-ce34-fd50-c719af0a724b, NVIDIA A40, 580.95.05, 21104, 46068, 100, 298.13
2026/08/24 16:31:51.880, 0, GPU-5424a982-4e3e-ce34-fd50-c719af0a724b, NVIDIA A40, 580.95.05, 21104, 46068, 100, 297.83
2026/08/24 16:31:52.080, 0, GPU-5424a982-4e3e-ce34-fd50-c719af0a724b, NVIDIA A40, 580.95.05, 21104, 46068, 100, 298.07
2026/08/24 16:31:52.280, 0, GPU-5424a982-4e3e-ce34-fd50-c719af0a724b, NVIDIA A40, 580.95.05, 21104, 46068, 100, 299.96
2026/08/24 16:31:52.480, 0, GPU-5424a982-4e3e-ce34-fd50-c719af0a724b, NVIDIA A40, 580.95.05, 21104, 46068, 100, 299.86
2026/08/24 16:31:52.680, 0, GPU-5424a982-4e3e-ce34-fd50-c719af0a724b, NVIDIA A40, 580.95.05, 21104, 46068, 100, 300.78
2026/08/24 16:31:52.880, 0, GPU-5424a982-4e3e-ce34-fd50-c719af0a724b, NVIDIA A40, 580.95.05, 21104, 46068, 100, 300.20
2026/08/24 16:31:53.081, 0, GPU-5424a982-4e3e-ce34-fd50-c719af0a724b, NVIDIA A40, 580.95.05, 21104, 46068, 100, 300.84
2026/08/24 16:31:53.281, 0, GPU-5424a982-4e3e-ce34-fd50-c719af0a724b, NVIDIA A40, 580.95.05, 21104, 46068, 100, 301.20
2026/08/24 16:31:53.481, 0, GPU-5424a982-4e3e-ce34-fd50-c719af0a724b, NVIDIA A40, 580.95.05, 21104, 46068, 100, 301.45
2026/08/24 16:31:53.681, 0, GPU-5424a982-4e3e-ce34-fd50-c719af0a724b, NVIDIA A40, 580.95.05, 21104, 46068, 100, 300.40
2026/08/24 16:31:53.881, 0, GPU-5424a982-4e3e-ce34-fd50-c719af0a724b, NVIDIA A40, 580.95.05, 21104, 46068, 100, 299.30
2026/08/24 16:31:54.081, 0, GPU-5424a982-4e3e-ce34-fd50-c719af0a724b, NVIDIA A40, 580.95.05, 21104, 46068, 100, 299.12
2026/08/24 16:31:54.282, 0, GPU-5424a982-4e3e-ce34-fd50-c719af0a724b, NVIDIA A40, 580.95.05, 21104, 46068, 100, 298.72
2026/08/24 16:31:54.482, 0, GPU-5424a982-4e3e-ce34-fd50-c719af0a724b, NVIDIA A40, 580.95.05, 21104, 46068, 92, 279.72
2026/08/24 16:31:54.682, 0, GPU-5424a982-4e3e-ce34-fd50-c719af0a724b, NVIDIA A40, 580.95.05, 21104, 46068, 96, 269.80
2026/08/24 16:31:54.882, 0, GPU-5424a982-4e3e-ce34-fd50-c719af0a724b, NVIDIA A40, 580.95.05, 21104, 46068, 97, 261.49
2026/08/24 16:31:55.082, 0, GPU-5424a982-4e3e-ce34-fd50-c719af0a724b, NVIDIA A40, 580.95.05, 21104, 46068, 97, 252.17
2026/08/24 16:31:55.282, 0, GPU-5424a982-4e3e-ce34-fd50-c719af0a724b, NVIDIA A40, 580.95.05, 21104, 46068, 82, 237.83
2026/08/24 16:31:55.482, 0, GPU-5424a982-4e3e-ce34-fd50-c719af0a724b, NVIDIA A40, 580.95.05, 21104, 46068, 100, 253.14
2026/08/24 16:31:55.683, 0, GPU-5424a982-4e3e-ce34-fd50-c719af0a724b, NVIDIA A40, 580.95.05, 21104, 46068, 100, 262.88
2026/08/24 16:31:55.883, 0, GPU-5424a982-4e3e-ce34-fd50-c719af0a724b, NVIDIA A40, 580.95.05, 21104, 46068, 100, 273.76
2026/08/24 16:31:56.083, 0, GPU-5424a982-4e3e-ce34-fd50-c719af0a724b, NVIDIA A40, 580.95.05, 21104, 46068, 100, 281.86
2026/08/24 16:31:56.283, 0, GPU-5424a982-4e3e-ce34-fd50-c719af0a724b, NVIDIA A40, 580.95.05, 21104, 46068, 100, 290.63
2026/08/24 16:31:56.483, 0, GPU-5424a982-4e3e-ce34-fd50-c719af0a724b, NVIDIA A40, 580.95.05, 21104, 46068, 100, 299.87
2026/08/24 16:31:56.683, 0, GPU-5424a982-4e3e-ce34-fd50-c719af0a724b, NVIDIA A40, 580.95.05, 21104, 46068, 100, 301.11
2026/08/24 16:31:56.883, 0, GPU-5424a982-4e3e-ce34-fd50-c719af0a724b, NVIDIA A40, 580.95.05, 21104, 46068, 100, 297.62
2026/08/24 16:31:57.083, 0, GPU-5424a982-4e3e-ce34-fd50-c719af0a724b, NVIDIA A40, 580.95.05, 21104, 46068, 100, 298.09
2026/08/24 16:31:57.284, 0, GPU-5424a982-4e3e-ce34-fd50-c719af0a724b, NVIDIA A40, 580.95.05, 21104, 46068, 100, 297.03
2026/08/24 16:31:57.484, 0, GPU-5424a982-4e3e-ce34-fd50-c719af0a724b, NVIDIA A40, 580.95.05, 21104, 46068, 100, 297.48
2026/08/24 16:31:57.684, 0, GPU-5424a982-4e3e-ce34-fd50-c719af0a724b, NVIDIA A40, 580.95.05, 21104, 46068, 100, 297.11
2026/08/24 16:31:57.884, 0, GPU-5424a982-4e3e-ce34-fd50-c719af0a724b, NVIDIA A40, 580.95.05, 21104, 46068, 100, 298.28
2026/08/24 16:31:58.084, 0, GPU-5424a982-4e3e-ce34-fd50-c719af0a724b, NVIDIA A40, 580.95.05, 21104, 46068, 100, 299.68
2026/08/24 16:31:58.285, 0, GPU-5424a982-4e3e-ce34-fd50-c719af0a724b, NVIDIA A40, 580.95.05, 21104, 46068, 100, 298.50
2026/08/24 16:31:58.485, 0, GPU-5424a982-4e3e-ce34-fd50-c719af0a724b, NVIDIA A40, 580.95.05, 21104, 46068, 100, 298.46
2026/08/24 16:31:58.685, 0, GPU-5424a982-4e3e-ce34-fd50-c719af0a724b, NVIDIA A40, 580.95.05, 21104, 46068, 100, 299.59
2026/08/24 16:31:58.885, 0, GPU-5424a982-4e3e-ce34-fd50-c719af0a724b, NVIDIA A40, 580.95.05, 21104, 46068, 100, 299.54
2026/08/24 16:31:59.085, 0, GPU-5424a982-4e3e-ce34-fd50-c719af0a724b, NVIDIA A40, 580.95.05, 21104, 46068, 100, 299.36
2026/08/24 16:31:59.285, 0, GPU-5424a982-4e3e-ce34-fd50-c719af0a724b, NVIDIA A40, 580.95.05, 21104, 46068, 100, 298.42
2026/08/24 16:31:59.485, 0, GPU-5424a982-4e3e-ce34-fd50-c719af0a724b, NVIDIA A40, 580.95.05, 21104, 46068, 100, 299.22
2026/08/24 16:31:59.686, 0, GPU-5424a982-4e3e-ce34-fd50-c719af0a724b, NVIDIA A40, 580.95.05, 21104, 46068, 100, 300.16
2026/08/24 16:31:59.886, 0, GPU-5424a982-4e3e-ce34-fd50-c719af0a724b, NVIDIA A40, 580.95.05, 21104, 46068, 100, 299.42
2026/08/24 16:32:00.086, 0, GPU-5424a982-4e3e-ce34-fd50-c719af0a724b, NVIDIA A40, 580.95.05, 21104, 46068, 100, 299.01
2026/08/24 16:32:00.286, 0, GPU-5424a982-4e3e-ce34-fd50-c719af0a724b, NVIDIA A40, 580.95.05, 21104, 46068, 100, 299.78
2026/08/24 16:32:00.486, 0, GPU-5424a982-4e3e-ce34-fd50-c719af0a724b, NVIDIA A40, 580.95.05, 21104, 46068, 100, 299.75
2026/08/24 16:32:00.686, 0, GPU-5424a982-4e3e-ce34-fd50-c719af0a724b, NVIDIA A40, 580.95.05, 21104, 46068, 100, 299.78
2026/08/24 16:32:00.886, 0, GPU-5424a982-4e3e-ce34-fd50-c719af0a724b, NVIDIA A40, 580.95.05, 21104, 46068, 100, 300.17
2026/08/24 16:32:01.086, 0, GPU-5424a982-4e3e-ce34-fd50-c719af0a724b, NVIDIA A40, 580.95.05, 21104, 46068, 100, 300.93
2026/08/24 16:32:01.287, 0, GPU-5424a982-4e3e-ce34-fd50-c719af0a724b, NVIDIA A40, 580.95.05, 21104, 46068, 100, 300.27
2026/08/24 16:32:01.487, 0, GPU-5424a982-4e3e-ce34-fd50-c719af0a724b, NVIDIA A40, 580.95.05, 21104, 46068, 100, 300.03
2026/08/24 16:32:01.687, 0, GPU-5424a982-4e3e-ce34-fd50-c719af0a724b, NVIDIA A40, 580.95.05, 21104, 46068, 100, 300.14
2026/08/24 16:32:01.887, 0, GPU-5424a982-4e3e-ce34-fd50-c719af0a724b, NVIDIA A40, 580.95.05, 21104, 46068, 100, 300.32
2026/08/24 16:32:02.087, 0, GPU-5424a982-4e3e-ce34-fd50-c719af0a724b, NVIDIA A40, 580.95.05, 21104, 46068, 100, 299.23
2026/08/24 16:32:02.287, 0, GPU-5424a982-4e3e-ce34-fd50-c719af0a724b, NVIDIA A40, 580.95.05, 21104, 46068, 100, 298.81
2026/08/24 16:32:02.488, 0, GPU-5424a982-4e3e-ce34-fd50-c719af0a724b, NVIDIA A40, 580.95.05, 21104, 46068, 100, 300.21
2026/08/24 16:32:02.688, 0, GPU-5424a982-4e3e-ce34-fd50-c719af0a724b, NVIDIA A40, 580.95.05, 21104, 46068, 100, 299.43
2026/08/24 16:32:02.888, 0, GPU-5424a982-4e3e-ce34-fd50-c719af0a724b, NVIDIA A40, 580.95.05, 21104, 46068, 100, 300.58
2026/08/24 16:32:03.088, 0, GPU-5424a982-4e3e-ce34-fd50-c719af0a724b, NVIDIA A40, 580.95.05, 21104, 46068, 100, 299.17
2026/08/24 16:32:03.288, 0, GPU-5424a982-4e3e-ce34-fd50-c719af0a724b, NVIDIA A40, 580.95.05, 21104, 46068, 100, 299.49
2026/08/24 16:32:03.488, 0, GPU-5424a982-4e3e-ce34-fd50-c719af0a724b, NVIDIA A40, 580.95.05, 21104, 46068, 99, 299.05
2026/08/24 16:32:03.688, 0, GPU-5424a982-4e3e-ce34-fd50-c719af0a724b, NVIDIA A40, 580.95.05, 21104, 46068, 100, 299.15
2026/08/24 16:32:03.889, 0, GPU-5424a982-4e3e-ce34-fd50-c719af0a724b, NVIDIA A40, 580.95.05, 21104, 46068, 100, 298.38
2026/08/24 16:32:04.089, 0, GPU-5424a982-4e3e-ce34-fd50-c719af0a724b, NVIDIA A40, 580.95.05, 21104, 46068, 100, 299.78
2026/08/24 16:32:04.289, 0, GPU-5424a982-4e3e-ce34-fd50-c719af0a724b, NVIDIA A40, 580.95.05, 21104, 46068, 99, 300.23
2026/08/24 16:32:04.489, 0, GPU-5424a982-4e3e-ce34-fd50-c719af0a724b, NVIDIA A40, 580.95.05, 21104, 46068, 100, 299.22
2026/08/24 16:32:04.689, 0, GPU-5424a982-4e3e-ce34-fd50-c719af0a724b, NVIDIA A40, 580.95.05, 21104, 46068, 100, 300.05
2026/08/24 16:32:04.889, 0, GPU-5424a982-4e3e-ce34-fd50-c719af0a724b, NVIDIA A40, 580.95.05, 21104, 46068, 100, 299.49
2026/08/24 16:32:05.090, 0, GPU-5424a982-4e3e-ce34-fd50-c719af0a724b, NVIDIA A40, 580.95.05, 21104, 46068, 100, 299.03
2026/08/24 16:32:05.290, 0, GPU-5424a982-4e3e-ce34-fd50-c719af0a724b, NVIDIA A40, 580.95.05, 21104, 46068, 99, 297.98
2026/08/24 16:32:05.490, 0, GPU-5424a982-4e3e-ce34-fd50-c719af0a724b, NVIDIA A40, 580.95.05, 21104, 46068, 100, 298.15
2026/08/24 16:32:05.690, 0, GPU-5424a982-4e3e-ce34-fd50-c719af0a724b, NVIDIA A40, 580.95.05, 21104, 46068, 90, 296.11
2026/08/24 16:32:05.890, 0, GPU-5424a982-4e3e-ce34-fd50-c719af0a724b, NVIDIA A40, 580.95.05, 21104, 46068, 97, 287.00
2026/08/24 16:32:06.090, 0, GPU-5424a982-4e3e-ce34-fd50-c719af0a724b, NVIDIA A40, 580.95.05, 21104, 46068, 96, 278.62
2026/08/24 16:32:06.290, 0, GPU-5424a982-4e3e-ce34-fd50-c719af0a724b, NVIDIA A40, 580.95.05, 21104, 46068, 93, 269.93
2026/08/24 16:32:06.491, 0, GPU-5424a982-4e3e-ce34-fd50-c719af0a724b, NVIDIA A40, 580.95.05, 368, 46068, 63, 248.20
