claim_id,surface,atomic_claim,claim_type,verification_status,release_status,warrant,resolution_action
A000,title,A Compositional Calculus for Cross-Domain Scientific Authority,title_contribution,UNRESOLVED,withhold,cross-domain/type-distinct authority composition is not executed in current evidence,execute type-distinct native comparison or narrow title and claim
A001,manuscript/main.tex,A Theory of Epistemic Authority for Autonomous Science --- V3 science update,formal_or_scope,SUPPORTED_INTERNAL,withhold,same-programme formalization/checker or finite gold,independent review or bounded claim required
A002,manuscript/main.tex,VIII current science manuscript overlay\\ Date: 2026-08-19\\ Historical base: V2/V2.1 formal core and JAAMAS submission bytes retained\\ Successor evidence: research/claim_expansion/p8/P8_X4_*\\ Science terminal: P8_CROSS_DOMAIN_SCIENTIFIC_AUTHORITY_COMPOSITION_SUPPORTED__13_DONOR_FORMAL_ENVELOPE__IDEAL_PRODUCT_EQUIVALENT,quantitative,SUPPORTED_INTERNAL,withhold,same-programme formalization/checker or finite gold,independent review or bounded claim required
A003,manuscript/main.tex,"V3 preserves the V2.1 blocker, coercion, revocation and typed-discharge semantics but widens the paper constructively.",quantitative,SUPPORTED_INTERNAL,withhold,same-programme formalization/checker or finite gold,independent review or bounded claim required
A004,manuscript/main.tex,"Modern authorization, delegation, evidence, scientific-release and claim-adjudication systems are treated as donor authority objects to be retained and composed rather than as novelty threats to route around.",formal_or_scope,SUPPORTED_INTERNAL,withhold,same-programme formalization/checker or finite gold,independent review or bounded claim required
A005,manuscript/sections/01-replacement-abstract.tex,Replacement abstract for V3,formal_or_scope,SUPPORTED_INTERNAL,withhold,same-programme formalization/checker or finite gold,independent review or bounded claim required
A006,manuscript/sections/01-replacement-abstract.tex,Autonomous scientific systems increasingly operate under strong local authority mechanisms.,formal_or_scope,SUPPORTED_INTERNAL,withhold,same-programme formalization/checker or finite gold,independent review or bounded claim required
A007,manuscript/sections/01-replacement-abstract.tex,"Agent-governance work provides evidence-backed permission graphs, proof-carrying action certificates, cryptographic delegation provenance, deterministic authority narrowing, accumulated principal-chain authorization, typed verifier certificates and heterogeneous authorization-evidence chains.",formal_or_scope,SUPPORTED_INTERNAL,withhold,same-programme formalization/checker or finite gold,independent review or bounded claim required
A008,manuscript/sections/01-replacement-abstract.tex,"Scientific-agent systems separately provide evidence-bound release gates, claim-to-evidence verification, contract-governed research artifacts, evidence-calibrated claim adjudication and evidence-ledger review.",formal_or_scope,SUPPORTED_INTERNAL,withhold,same-programme formalization/checker or finite gold,independent review or bounded claim required
A009,manuscript/sections/01-replacement-abstract.tex,P8 treats all of these mechanisms as donor-owned local authorities rather than claiming generic authorization or scientific verification as new.,formal_or_scope,SUPPORTED_INTERNAL,withhold,same-programme formalization/checker or finite gold,independent review or bounded claim required
A010,manuscript/sections/01-replacement-abstract.tex,"The remaining problem is compositional: when may a local authorization, delegation, verifier, claim-evidence or release verdict establish a different target scientific obligation?",formal_or_scope,SUPPORTED_INTERNAL,withhold,same-programme formalization/checker or finite gold,independent review or bounded claim required
A011,manuscript/sections/01-replacement-abstract.tex,P8 introduces a bounded scientific-authority lifting and composition calculus over thirteen donor families.,formal_or_scope,SUPPORTED_INTERNAL,withhold,same-programme formalization/checker or finite gold,independent review or bounded claim required
A012,manuscript/sections/01-replacement-abstract.tex,"The target obligation is typed by (domain, kind, scope, content, epoch).",formal_or_scope,SUPPORTED_INTERNAL,withhold,same-programme formalization/checker or finite gold,independent review or bounded claim required
A013,manuscript/sections/01-replacement-abstract.tex,Native donor authority is conserved.,formal_or_scope,SUPPORTED_INTERNAL,withhold,same-programme formalization/checker or finite gold,independent review or bounded claim required
A014,manuscript/sections/01-replacement-abstract.tex,"Scientific authority propagates across heterogeneous chains only when the scientific type is preserved or narrowed, or when an explicit subject/epoch-bound protected coercion supplies a complete bridge.",formal_or_scope,SUPPORTED_INTERNAL,withhold,same-programme formalization/checker or finite gold,independent review or bounded claim required
A015,manuscript/sections/01-replacement-abstract.tex,"Blockers use three states: REFUTED, UNDETERMINED, and ESTABLISHED, with UNDETERMINED yielding CANNOT_CHECK rather than silently disappearing.",formal_or_scope,UNRESOLVED,withhold,current evidence explicitly withholds authority,withhold
A016,manuscript/sections/01-replacement-abstract.tex,"Alternative complete support families make revocation exact: invalidating one route preserves authority when another complete independent route survives, while destroying all complete routes removes discharge.",formal_or_scope,SUPPORTED_INTERNAL,withhold,same-programme formalization/checker or finite gold,independent review or bounded claim required
A017,manuscript/sections/01-replacement-abstract.tex,Action or release permission and scientific support are explicitly non-inverse relations.,formal_or_scope,SUPPORTED_INTERNAL,withhold,same-programme formalization/checker or finite gold,independent review or bounded claim required
A018,manuscript/sections/01-replacement-abstract.tex,"The final X4 finite model covers 3,072 distinct exact authority states, each replayed across thirteen donor families for a total of 39,936 evaluations.",quantitative,SUPPORTED_INTERNAL,withhold,same-programme formalization/checker or finite gold,independent review or bounded claim required
A019,manuscript/sections/01-replacement-abstract.tex,"The distinction matters and we state it plainly: the terminal function takes seven arguments and the donor family is not among them, so over the 239,616 pairs of evaluations differing only in donor, none changes the verdict.",quantitative,SUPPORTED_INTERNAL,withhold,same-programme formalization/checker or finite gold,independent review or bounded claim required
A020,manuscript/sections/01-replacement-abstract.tex,"That invariance is the donor-conservativity result rather than additional coverage, and the thirteen families are a replication factor, not a state dimension.",formal_or_scope,VERIFIED,retain,mechanized adverse correction,retain correction and remove contradicted breadth
A021,manuscript/sections/01-replacement-abstract.tex,It has zero donor-conservativity violations and zero mismatches with an ideal equally typed decentralized product.,formal_or_scope,SUPPORTED_INTERNAL,withhold,same-programme formalization/checker or finite gold,independent review or bounded claim required
A022,manuscript/sections/01-replacement-abstract.tex,"It contains 65 minimal scientific-type separation witnesses, 65 protected-coercion successes and 65 matched unprotected countermodels, the three-state blocker law for all thirteen donor families, 26 single-support-family revocation survivals and 13 all-support-family blocks, plus 169 heterogeneous ordered-chain composition successes and 169 matched scientific-authority-widening countermodels.",quantitative,CONTRADICTED,withhold,later current interpretation shows the 169 rows are one reflexive state repeated and do not exercise heterogeneity,remove or replace with type-distinct execution
A023,manuscript/sections/01-replacement-abstract.tex,A second implementation independently reproduces the canonical enumeration.,formal_or_scope,SUPPORTED_INTERNAL,withhold,same-programme formalization/checker or finite gold,independent review or bounded claim required
A024,manuscript/sections/01-replacement-abstract.tex,"The result is a bounded cross-domain scientific-authority composition semantics, not generic authorization, local scientific verification, deployed-agent superiority, or a claim of centralized expressive advantage.",formal_or_scope,SUPPORTED_INTERNAL,withhold,same-programme formalization/checker or finite gold,independent review or bounded claim required
A025,manuscript/sections/02-donor-engulfment.tex,Donor-engulfment architecture,formal_or_scope,SUPPORTED_INTERNAL,withhold,same-programme formalization/checker or finite gold,independent review or bounded claim required
A026,manuscript/sections/02-donor-engulfment.tex,V3 explicitly imports the strongest useful structure from two neighboring layers.,formal_or_scope,SUPPORTED_INTERNAL,withhold,same-programme formalization/checker or finite gold,independent review or bounded claim required
A027,manuscript/sections/02-donor-engulfment.tex,"Action, delegation, and authorization donors",formal_or_scope,SUPPORTED_INTERNAL,withhold,same-programme formalization/checker or finite gold,independent review or bounded claim required
A028,manuscript/sections/02-donor-engulfment.tex,"P8 reuses evidence-backed permission graphs and external deterministic authorizers; runtime-neutral action certificates carrying action identity, approvals, runtime and outcome receipts; append-only human-to-agent delegation provenance; authority-narrowing and cascade-containment rules; principal-chain composition with bounded scope; typed verifier certificates; heterogeneous authorization-evidence chains; and generic cross-domain authority relations.",formal_or_scope,SUPPORTED_INTERNAL,withhold,same-programme formalization/checker or finite gold,independent review or bounded claim required
A029,manuscript/sections/02-donor-engulfment.tex,"These mechanisms answer important local questions such as whether an action is permitted, whether a delegation is valid, whether required evidence certificates are present, or whether heterogeneous authorization receipts jointly satisfy an action policy.",formal_or_scope,SUPPORTED_INTERNAL,withhold,same-programme formalization/checker or finite gold,independent review or bounded claim required
A030,manuscript/sections/02-donor-engulfment.tex,P8 claims none of those mechanisms as its own.,formal_or_scope,SUPPORTED_INTERNAL,withhold,same-programme formalization/checker or finite gold,independent review or bounded claim required
A031,manuscript/sections/02-donor-engulfment.tex,"Scientific claim, release, and adjudication donors",formal_or_scope,SUPPORTED_INTERNAL,withhold,same-programme formalization/checker or finite gold,independent review or bounded claim required
A032,manuscript/sections/02-donor-engulfment.tex,"P8 also reuses domain scientific harnesses that separate semantic from scientific authority and authorize evidence-bound release; claim-to-evidence chains with deterministic grounding and verification; persistent contract-governed research artifacts; evidence-calibrated claim adjudication; and evidence-ledger review that routes unsupported, contradicted, or mixed-evidence claims back for revision.",formal_or_scope,SUPPORTED_INTERNAL,withhold,same-programme formalization/checker or finite gold,independent review or bounded claim required
A033,manuscript/sections/02-donor-engulfment.tex,These donors establish that scientific claim validation/release can itself be externalized and governed.,formal_or_scope,SUPPORTED_INTERNAL,withhold,same-programme formalization/checker or finite gold,independent review or bounded claim required
A034,manuscript/sections/02-donor-engulfment.tex,P8 therefore does not claim novelty merely for separating a model's fluent answer from a scientific release decision.,formal_or_scope,VERIFIED,retain,explicit adverse/scope boundary,retain boundary
A035,manuscript/sections/02-donor-engulfment.tex,The remaining composition problem,formal_or_scope,SUPPORTED_INTERNAL,withhold,same-programme formalization/checker or finite gold,independent review or bounded claim required
A036,manuscript/sections/02-donor-engulfment.tex,The donor mechanisms are powerful but heterogeneous.,formal_or_scope,SUPPORTED_INTERNAL,withhold,same-programme formalization/checker or finite gold,independent review or bounded claim required
A037,manuscript/sections/02-donor-engulfment.tex,"Their local verdicts concern different objects: an action, a delegation, a receipt chain, a verifier predicate, a claim-evidence packet, a research artifact, or a domain-specific release decision.",formal_or_scope,SUPPORTED_INTERNAL,withhold,same-programme formalization/checker or finite gold,independent review or bounded claim required
A038,manuscript/sections/02-donor-engulfment.tex,P8's V3 object is the common relation that governs when such a local authority object is entitled to discharge a target scientific obligation of another type or scope.,formal_or_scope,SUPPORTED_INTERNAL,withhold,same-programme formalization/checker or finite gold,independent review or bounded claim required
A039,manuscript/sections/03-discharge-type.tex,Scientific-discharge type and lifted terminal,formal_or_scope,SUPPORTED_INTERNAL,withhold,same-programme formalization/checker or finite gold,independent review or bounded claim required
A040,manuscript/sections/03-discharge-type.tex,The complete scientific-discharge type is,formal_or_scope,SUPPORTED_INTERNAL,withhold,same-programme formalization/checker or finite gold,independent review or bounded claim required
A041,manuscript/sections/03-discharge-type.tex,"tau = (domain, kind, scope, content, epoch).",formal_or_scope,SUPPORTED_INTERNAL,withhold,same-programme formalization/checker or finite gold,independent review or bounded claim required
A042,manuscript/sections/03-discharge-type.tex,"Let D(a) denote the native authority, verification, adjudication, or release verdict of donor object a.",formal_or_scope,VERIFIED,retain,explicit adverse/scope boundary,retain boundary
A043,manuscript/sections/03-discharge-type.tex,P8 does not rewrite D.,formal_or_scope,SUPPORTED_INTERNAL,withhold,same-programme formalization/checker or finite gold,independent review or bounded claim required
A044,manuscript/sections/03-discharge-type.tex,The bounded lifted state additionally contains:,formal_or_scope,SUPPORTED_INTERNAL,withhold,same-programme formalization/checker or finite gold,independent review or bounded claim required
A045,manuscript/sections/03-discharge-type.tex,"itemize narrowing_ok: every relevant authority/delegation/claim-processing hop preserves or narrows tau; blocker state b in \REFUTED, UNDETERMINED, ESTABLISHED\; two alternative complete support families S_A, S_B; optional explicit protected_coercion binding a source type to the target type and epoch.",formal_or_scope,SUPPORTED_INTERNAL,withhold,same-programme formalization/checker or finite gold,independent review or bounded claim required
A046,manuscript/sections/03-discharge-type.tex,A donor-derived judgment reaches DISCHARGE only when:,formal_or_scope,SUPPORTED_INTERNAL,withhold,same-programme formalization/checker or finite gold,independent review or bounded claim required
A047,manuscript/sections/03-discharge-type.tex,enumerate D(a) is valid; the scientific type matches directly or a complete protected coercion is registered; authority is non-widening across the relevant chain; blocker state is REFUTED; at least one complete support family survives.,formal_or_scope,SUPPORTED_INTERNAL,withhold,same-programme formalization/checker or finite gold,independent review or bounded claim required
A048,manuscript/sections/03-discharge-type.tex,UNDETERMINED maps to CANNOT_CHECK; ESTABLISHED maps to BLOCK.,formal_or_scope,UNRESOLVED,withhold,current evidence explicitly withholds authority,withhold
A049,manuscript/sections/04-theorems.tex,Theorem V3.1 --- donor conservativity,quantitative,SUPPORTED_INTERNAL,withhold,same-programme formalization/checker or finite gold,independent review or bounded claim required
A050,manuscript/sections/04-theorems.tex,"Adding the scientific-discharge layer does not change any donor-native action, delegation, evidence, adjudication, or release verdict.",formal_or_scope,SUPPORTED_INTERNAL,withhold,same-programme formalization/checker or finite gold,independent review or bounded claim required
A051,manuscript/sections/04-theorems.tex,Local authorities remain usable for their native purpose even when they do not discharge a broader scientific target.,formal_or_scope,SUPPORTED_INTERNAL,withhold,same-programme formalization/checker or finite gold,independent review or bounded claim required
A052,manuscript/sections/04-theorems.tex,Theorem V3.2 --- cross-donor scientific-discharge separation,quantitative,SUPPORTED_INTERNAL,withhold,same-programme formalization/checker or finite gold,independent review or bounded claim required
A053,manuscript/sections/04-theorems.tex,"For every registered donor family and each non-inert coordinate of (domain, kind, scope, content, epoch), native donor success can coexist with scientific-discharge failure when only that coordinate is incompatible with the target obligation.",formal_or_scope,SUPPORTED_INTERNAL,withhold,same-programme formalization/checker or finite gold,independent review or bounded claim required
A054,manuscript/sections/04-theorems.tex,"Thus a valid action certificate, verified claim-evidence packet, scientific release decision, or cross-domain authorization may be retained without being treated as an unrestricted authority token.",formal_or_scope,SUPPORTED_INTERNAL,withhold,same-programme formalization/checker or finite gold,independent review or bounded claim required
A055,manuscript/sections/04-theorems.tex,Theorem V3.3 --- monotone scientific authority propagation,quantitative,VERIFIED,retain,explicit adverse/scope boundary,retain boundary
A056,manuscript/sections/04-theorems.tex,Scientific authority may be preserved or narrowed through heterogeneous authority chains.,formal_or_scope,SUPPORTED_INTERNAL,withhold,same-programme formalization/checker or finite gold,independent review or bounded claim required
A057,manuscript/sections/04-theorems.tex,A hop that widens the scientific type beyond inherited authority cannot discharge the widened target merely because each local donor step remains native-valid.,formal_or_scope,UNRESOLVED,withhold,current evidence explicitly withholds authority,withhold
A058,manuscript/sections/04-theorems.tex,This extends donor narrowing/cascade-containment ideas to the scientific-obligation type rather than replacing them.,formal_or_scope,SUPPORTED_INTERNAL,withhold,same-programme formalization/checker or finite gold,independent review or bounded claim required
A059,manuscript/sections/04-theorems.tex,Theorem V3.4 --- protected coercion,quantitative,SUPPORTED_INTERNAL,withhold,same-programme formalization/checker or finite gold,independent review or bounded claim required
A060,manuscript/sections/04-theorems.tex,A complete protected coercion may transform an otherwise incompatible scientific type.,formal_or_scope,SUPPORTED_INTERNAL,withhold,same-programme formalization/checker or finite gold,independent review or bounded claim required
A061,manuscript/sections/04-theorems.tex,The same mismatch without the registered bridge remains blocked.,formal_or_scope,SUPPORTED_INTERNAL,withhold,same-programme formalization/checker or finite gold,independent review or bounded claim required
A062,manuscript/sections/04-theorems.tex,"Semantic similarity, intent similarity, common action digest, claim fluency, or ordinary action composability is not sufficient to create a coercion.",formal_or_scope,SUPPORTED_INTERNAL,withhold,same-programme formalization/checker or finite gold,independent review or bounded claim required
A063,manuscript/sections/04-theorems.tex,Theorem V3.5 --- three-state blockers,quantitative,SUPPORTED_INTERNAL,withhold,same-programme formalization/checker or finite gold,independent review or bounded claim required
A064,manuscript/sections/04-theorems.tex,Under otherwise satisfied conditions:,formal_or_scope,SUPPORTED_INTERNAL,withhold,same-programme formalization/checker or finite gold,independent review or bounded claim required
A065,manuscript/sections/04-theorems.tex,itemize REFUTED permits the blocker condition to clear and allows discharge; UNDETERMINED yields CANNOT_CHECK; ESTABLISHED blocks discharge.,formal_or_scope,UNRESOLVED,withhold,current evidence explicitly withholds authority,withhold
A066,manuscript/sections/04-theorems.tex,The distinction prevents unknown blocker state from being silently treated as blocker absence.,formal_or_scope,UNRESOLVED,withhold,current evidence explicitly withholds authority,withhold
A067,manuscript/sections/04-theorems.tex,Theorem V3.6 --- exact support-family revocation,quantitative,SUPPORTED_INTERNAL,withhold,same-programme formalization/checker or finite gold,independent review or bounded claim required
A068,manuscript/sections/04-theorems.tex,"When two independent complete support families establish the same target obligation, revoking one family preserves discharge through the other.",formal_or_scope,SUPPORTED_INTERNAL,withhold,same-programme formalization/checker or finite gold,independent review or bounded claim required
A069,manuscript/sections/04-theorems.tex,Revoking all complete support families removes discharge.,formal_or_scope,SUPPORTED_INTERNAL,withhold,same-programme formalization/checker or finite gold,independent review or bounded claim required
A070,manuscript/sections/04-theorems.tex,"This avoids both over-revocation, in which one failed premise destroys an independently supported result, and under-revocation, in which a broken unique support path is ignored.",formal_or_scope,SUPPORTED_INTERNAL,withhold,same-programme formalization/checker or finite gold,independent review or bounded claim required
A071,manuscript/sections/04-theorems.tex,Theorem V3.7 --- heterogeneous authority-chain composition,quantitative,CONTRADICTED,withhold,later current interpretation shows the 169 rows are one reflexive state repeated and do not exercise heterogeneity,remove or replace with type-distinct execution
A072,manuscript/sections/04-theorems.tex,"Every ordered pair among the thirteen registered donor families admits a scientifically valid two-hop composition under native-valid local verdicts, compatible or protectedly bridged scientific type, non-widening authority, refuted blockers, and surviving support.",formal_or_scope,SUPPORTED_INTERNAL,withhold,same-programme formalization/checker or finite gold,independent review or bounded claim required
A073,manuscript/sections/04-theorems.tex,The matched chain with a scientific-authority-widening hop is blocked even though both donor-native steps remain valid.,formal_or_scope,SUPPORTED_INTERNAL,withhold,same-programme formalization/checker or finite gold,independent review or bounded claim required
A074,manuscript/sections/04-theorems.tex,The theorem treats heterogeneous authority composition as a first-class object rather than requiring every donor to adopt one common receipt format.,formal_or_scope,CONTRADICTED,withhold,later current interpretation shows the 169 rows are one reflexive state repeated and do not exercise heterogeneity,remove or replace with type-distinct execution
A075,manuscript/sections/04-theorems.tex,"Theorem V3.8 --- permission, release, and support are not inverse relations",quantitative,SUPPORTED_INTERNAL,withhold,same-programme formalization/checker or finite gold,independent review or bounded claim required
A076,manuscript/sections/04-theorems.tex,A native denial of one action or release route is not scientific refutation when an independent complete evidence family establishes the proposition.,formal_or_scope,SUPPORTED_INTERNAL,withhold,same-programme formalization/checker or finite gold,independent review or bounded claim required
A077,manuscript/sections/04-theorems.tex,"Conversely, native authorization or release does not authorize a different or broader scientific target.",formal_or_scope,SUPPORTED_INTERNAL,withhold,same-programme formalization/checker or finite gold,independent review or bounded claim required
A078,manuscript/sections/04-theorems.tex,The two relations are connected by explicit evidence/type bridges rather than logical inversion.,formal_or_scope,SUPPORTED_INTERNAL,withhold,same-programme formalization/checker or finite gold,independent review or bounded claim required
A079,manuscript/sections/04-theorems.tex,"Theorem V3.9 --- heterogeneous receipt composition is a prerequisite, not scientific sufficiency",quantitative,CONTRADICTED,withhold,later current interpretation shows the 169 rows are one reflexive state repeated and do not exercise heterogeneity,remove or replace with type-distinct execution
A080,manuscript/sections/04-theorems.tex,"Valid composition of authorization receipts, canonical action or subject binding, and successful local policy evaluation may be necessary inputs to a scientific claim, but they do not by themselves establish target scientific sufficiency.",formal_or_scope,SUPPORTED_INTERNAL,withhold,same-programme formalization/checker or finite gold,independent review or bounded claim required
A081,manuscript/sections/04-theorems.tex,"Scientific discharge remains governed by the target type, blocker, support, and coercion relation.",formal_or_scope,SUPPORTED_INTERNAL,withhold,same-programme formalization/checker or finite gold,independent review or bounded claim required
A082,manuscript/sections/04-theorems.tex,Theorem V3.10 --- ideal decentralized-product equivalence,quantitative,SUPPORTED_INTERNAL,withhold,same-programme formalization/checker or finite gold,independent review or bounded claim required
A083,manuscript/sections/04-theorems.tex,"A decentralized donor product supplied with the exact same scientific type, narrowing, blocker, support-family, coercion, and composition rules agrees extensionally with P8.",formal_or_scope,SUPPORTED_INTERNAL,withhold,same-programme formalization/checker or finite gold,independent review or bounded claim required
A084,manuscript/sections/04-theorems.tex,"The contribution is therefore the explicit common scientific-discharge calculus, not centralized expressive power.",formal_or_scope,SUPPORTED_INTERNAL,withhold,same-programme formalization/checker or finite gold,independent review or bounded claim required
A085,manuscript/sections/05-donor-envelope.tex,Final donor envelope and literature fixed point,formal_or_scope,SUPPORTED_INTERNAL,withhold,same-programme formalization/checker or finite gold,independent review or bounded claim required
A086,manuscript/sections/05-donor-envelope.tex,The final donor envelope contains thirteen families across authorization/security and scientific verification/adjudication.,formal_or_scope,SUPPORTED_INTERNAL,withhold,same-programme formalization/checker or finite gold,independent review or bounded claim required
A087,manuscript/sections/05-donor-envelope.tex,"The research chronology is retained deliberately: early six-donor and ten-donor intermediate enumerations are preserved, because later hostile searches discovered stronger scientific-release and heterogeneous-authority donors and forced the architecture to expand rather than shrink.",formal_or_scope,SUPPORTED_INTERNAL,withhold,same-programme formalization/checker or finite gold,independent review or bounded claim required
A088,manuscript/sections/05-donor-envelope.tex,Two post-X4 search rounds produced no further material change to the interface.,formal_or_scope,SUPPORTED_INTERNAL,withhold,same-programme formalization/checker or finite gold,independent review or bounded claim required
A089,manuscript/sections/05-donor-envelope.tex,"This is a bounded current-pass fixed point, not a claim of global or exhaustive literature saturation.",formal_or_scope,SUPPORTED_INTERNAL,withhold,same-programme formalization/checker or finite gold,independent review or bounded claim required
A090,manuscript/sections/05-donor-envelope.tex,A newly discovered primary formalism with an equivalent target scientific-discharge relation is a reopen trigger.,formal_or_scope,SUPPORTED_INTERNAL,withhold,same-programme formalization/checker or finite gold,independent review or bounded claim required
A091,manuscript/sections/06-bounded-support.tex,Exact bounded support,formal_or_scope,SUPPORTED_INTERNAL,withhold,same-programme formalization/checker or finite gold,independent review or bounded claim required
A092,manuscript/sections/06-bounded-support.tex,Final X4 enumeration:,formal_or_scope,SUPPORTED_INTERNAL,withhold,same-programme formalization/checker or finite gold,independent review or bounded claim required
A093,manuscript/sections/06-bounded-support.tex,"itemize distinct exact authority states: 3,072, each replayed across thirteen donor families for 39,936 evaluations; the donor axis changes no verdict in any of 239,616 sibling pairs, which is the conservativity result and not extra coverage; terminals: 19,968 NO_DONOR_AUTHORITY, 15,353 BLOCK, 3,328 CANNOT_CHECK, 1,287 DISCHARGE; donor-conservativity violations: 0; minimal scientific-type separation witnesses: 65; protected-coercion successes: 65; matched unprotected-coercion countermodels: 65; blocker-law instances: 13 REFUTED successes, 13 UNDETERMINED CANNOT_CHECK, 13 ESTABLISHED blocks; one-support-family revocation survivals: 26; all-support-family revocation blocks: 13; heterogeneous ordered-chain composition successes: 169 --- one composition counted thirteen times thirteen, because the enumeration's chain loop ignores both of its donor variables and the thirteen families present a single profile to it; the mechanized derivation below states what that leaves; matched scientific-authority-widening chain countermodels: 169, on the same replication; action/release-denied but independently supportable proposition examples: 13; ideal decentralized-product mismatches: 0; canonical row SHA-256:\\ ed186b824692fd5b3ab31be718c75b84e2126b577ce921ca5cc01b2d08ae19e6.",quantitative,VERIFIED,retain,explicit adverse/scope boundary,retain boundary
A094,manuscript/sections/06-bounded-support.tex,A separate checker independently reconstructs the final enumeration.,formal_or_scope,SUPPORTED_INTERNAL,withhold,same-programme formalization/checker or finite gold,independent review or bounded claim required
A095,manuscript/sections/07-mechanized-core.tex,"Mechanized core, and what the finite result is an instance of",formal_or_scope,SUPPORTED_INTERNAL,withhold,same-programme formalization/checker or finite gold,independent review or bounded claim required
A096,manuscript/sections/07-mechanized-core.tex,Everything above this line is an enumeration over an authored state space.,formal_or_scope,SUPPORTED_INTERNAL,withhold,same-programme formalization/checker or finite gold,independent review or bounded claim required
A097,manuscript/sections/07-mechanized-core.tex,"That is a true statement about 3,072 states and thirteen donor families, and it is not a theorem.",quantitative,SUPPORTED_INTERNAL,withhold,same-programme formalization/checker or finite gold,independent review or bounded claim required
A098,manuscript/sections/07-mechanized-core.tex,"Three machine-checked artifacts under formal/mechanized/ now say which parts of it follow from a general semantics, and what each part costs.",formal_or_scope,SUPPORTED_INTERNAL,withhold,same-programme formalization/checker or finite gold,independent review or bounded claim required
A099,manuscript/sections/07-mechanized-core.tex,"The calculus. Ten composition and revocation theorems --- scope non-amplification, domain confinement, non-laundering, non-compensatory obligations, defeater monotonicity, epoch isolation, the one-step delegation lemma, a bridge from conversion to reachability, and a characterisation of cycles --- are discharged by Z3 over uninterpreted domain, object and issuer sorts, so none of them is a statement about thirteen donors or six named domains.",formal_or_scope,SUPPORTED_INTERNAL,withhold,same-programme formalization/checker or finite gold,independent review or bounded claim required
A100,manuscript/sections/07-mechanized-core.tex,"Two limits travel with them and are recorded in the artifact rather than in a footnote: reachability is axiomatised as a reflexive-transitive closure carrying a well-founded rank, because transitive closure is not first-order definable, and the chain theorem's induction schema is the single hand step in the development.",formal_or_scope,VERIFIED,retain,explicit adverse/scope boundary,retain boundary
A101,manuscript/sections/07-mechanized-core.tex,"The rank is not a formality --- an earlier axiomatisation without it admitted circular reachability, in which a sink domain reached its own source, and a differential against the committed checker is what caught it.",formal_or_scope,SUPPORTED_INTERNAL,withhold,same-programme formalization/checker or finite gold,independent review or bounded claim required
A102,manuscript/sections/07-mechanized-core.tex,"The state model as an instance. Each of the seven arguments the X4 terminal takes is assigned to the calculus conjunct it means: type-coordinate agreement or a registered protected coercion is the calculus's reachability, narrowing is scope containment, and the blocker is at once a hard obligation and a defeater.",formal_or_scope,SUPPORTED_INTERNAL,withhold,same-programme formalization/checker or finite gold,independent review or bounded claim required
A103,manuscript/sections/07-mechanized-core.tex,"The calculus's own rule under that assignment reproduces X4 exactly on all 3,072 distinct states, with all four terminals reached.",quantitative,SUPPORTED_INTERNAL,withhold,same-programme formalization/checker or finite gold,independent review or bounded claim required
A104,manuscript/sections/07-mechanized-core.tex,The chain compositions as instances. A donor family is interpreted as an element of an uninterpreted sort whose domain is its scientific type profile; a protected coercion is a registered conversion and narrowing is scope containment.,formal_or_scope,SUPPORTED_INTERNAL,withhold,same-programme formalization/checker or finite gold,independent review or bounded claim required
A105,manuscript/sections/07-mechanized-core.tex,"Under eight frame conditions stated as axioms --- each shown load-bearing by exhibiting a countermodel to a theorem it carries --- seven theorems are discharged, and donor-level chain confinement is expanded and discharged at every chain length up to six.",formal_or_scope,SUPPORTED_INTERNAL,withhold,same-programme formalization/checker or finite gold,independent review or bounded claim required
A106,manuscript/sections/07-mechanized-core.tex,"The bound is a measured limit rather than a chosen one: lengths seven to twelve were tried and the solver returned unknown on some runs and a proof in seconds on others, so the ladder stops where it is a reliable corroboration.",formal_or_scope,VERIFIED,retain,explicit adverse/scope boundary,retain boundary
A107,manuscript/sections/07-mechanized-core.tex,"Nothing about the theorem changes at length seven --- the induction schema is what carries every length, and it is the single hand step in the development.",formal_or_scope,SUPPORTED_INTERNAL,withhold,same-programme formalization/checker or finite gold,independent review or bounded claim required
A108,manuscript/sections/07-mechanized-core.tex,"A P8 chain hop is the calculus's delegation, which is itself one of the discharged theorems, so Theorem V3.7 is an instance of a statement that mentions neither thirteen nor two.",quantitative,SUPPORTED_INTERNAL,withhold,same-programme formalization/checker or finite gold,independent review or bounded claim required
A109,manuscript/sections/07-mechanized-core.tex,"What that costs Theorem V3.7. The derivation lands, and what it lands on is small.",quantitative,SUPPORTED_INTERNAL,withhold,same-programme formalization/checker or finite gold,independent review or bounded claim required
A110,manuscript/sections/07-mechanized-core.tex,We state it here rather than leave a reader to assume otherwise.,formal_or_scope,SUPPORTED_INTERNAL,withhold,same-programme formalization/checker or finite gold,independent review or bounded claim required
A111,manuscript/sections/07-mechanized-core.tex,itemize The 169 is one composition counted 169 times.,quantitative,VERIFIED,retain,mechanized adverse correction,retain correction and remove contradicted breadth
A112,manuscript/sections/07-mechanized-core.tex,"The committed enumeration writes its chain claim as a doubly nested loop over the thirteen families whose body mentions neither loop variable, and under the interpretation all 169 ordered pairs compose to a single distinct state.",quantitative,SUPPORTED_INTERNAL,withhold,same-programme formalization/checker or finite gold,independent review or bounded claim required
A113,manuscript/sections/07-mechanized-core.tex,"The donor axis is a replication factor here exactly as it is in the 39,936 evaluations, and here it is squared.",quantitative,VERIFIED,retain,mechanized adverse correction,retain correction and remove contradicted breadth
A114,manuscript/sections/07-mechanized-core.tex,Nothing heterogeneous is exercised.,formal_or_scope,SUPPORTED_INTERNAL,withhold,same-programme formalization/checker or finite gold,independent review or bounded claim required
A115,manuscript/sections/07-mechanized-core.tex,"The state the chain claim evaluates has all five type coordinates agreeing, which by the interpretation puts both donors in one domain; the hop is then a reach by reflexivity and no conversion is ever consulted.",formal_or_scope,SUPPORTED_INTERNAL,withhold,same-programme formalization/checker or finite gold,independent review or bounded claim required
A116,manuscript/sections/07-mechanized-core.tex,"Read the thirteen families as type-distinct, so that a cross-family hop crosses a type boundary unless a protected bridge is registered, and the same committed rule returns 13 compositions rather than 169.",quantitative,SUPPORTED_INTERNAL,withhold,same-programme formalization/checker or finite gold,independent review or bounded claim required
A117,manuscript/sections/07-mechanized-core.tex,Registering every cross-family bridge returns 169 again.,quantitative,SUPPORTED_INTERNAL,withhold,same-programme formalization/checker or finite gold,independent review or bounded claim required
A118,manuscript/sections/07-mechanized-core.tex,The published number therefore records the reading under which no two of the thirteen donor families differ in scientific type --- which is the reading under which the chain is not heterogeneous.,formal_or_scope,VERIFIED,retain,mechanized adverse correction,retain correction and remove contradicted breadth
A119,manuscript/sections/07-mechanized-core.tex,Neither published count tests the interpretation.,formal_or_scope,SUPPORTED_INTERNAL,withhold,same-programme formalization/checker or finite gold,independent review or bounded claim required
A120,manuscript/sections/07-mechanized-core.tex,"All eight wrong composition operators tried reproduce 169 successes exactly, and six of the eight also reproduce the 169 widening countermodels.",quantitative,VERIFIED,retain,mechanized adverse correction,retain correction and remove contradicted breadth
A121,manuscript/sections/07-mechanized-core.tex,"What separates them is an exhaustive identity checked through the committed rule on 36,864 representative pairs, which stand in exactly for all 9,437,184 pairs of X4 states: a composed chain discharges when and only when both of its hops do.",quantitative,SUPPORTED_INTERNAL,withhold,same-programme formalization/checker or finite gold,independent review or bounded claim required
A122,manuscript/sections/07-mechanized-core.tex,"Every one of the eight wrong operators breaks it, and the shipped rule satisfies it with no exception.",formal_or_scope,SUPPORTED_INTERNAL,withhold,same-programme formalization/checker or finite gold,independent review or bounded claim required
A123,manuscript/sections/07-mechanized-core.tex,None of the above has been checked by anyone outside the lane that wrote it.,formal_or_scope,SUPPORTED_INTERNAL,withhold,same-programme formalization/checker or finite gold,independent review or bounded claim required
A124,manuscript/sections/07-mechanized-core.tex,"Independent formal review and independent systems reproduction remain open, and no empirical claim is made or supported here.",formal_or_scope,SUPPORTED_INTERNAL,withhold,same-programme formalization/checker or finite gold,independent review or bounded claim required
A125,manuscript/sections/08-wider-claim.tex,"P8 composes modern action authorization, delegation provenance, heterogeneous authorization receipts, cross-domain authority relations, typed verifier certificates, scientific release gates, claim-evidence chains, research harnesses, claim adjudication and evidence-ledger review into a common scientific-discharge calculus.",formal_or_scope,SUPPORTED_INTERNAL,withhold,same-programme formalization/checker or finite gold,independent review or bounded claim required
A126,manuscript/sections/08-wider-claim.tex,"Local donor authority remains intact, while authority to establish a scientific conclusion propagates only through typed non-widening chains or protected coercions, fail-closed blocker semantics and surviving complete support families.",formal_or_scope,SUPPORTED_INTERNAL,withhold,same-programme formalization/checker or finite gold,independent review or bounded claim required
A127,manuscript/sections/08-wider-claim.tex,This is deliberately wider than the V2.1 slogan that generic permission differs from scientific permission.,quantitative,SUPPORTED_INTERNAL,withhold,same-programme formalization/checker or finite gold,independent review or bounded claim required
A128,manuscript/sections/08-wider-claim.tex,The local authority mechanisms are absorbed; the paper's contribution is the cross-domain composition/lifting relation among them.,formal_or_scope,SUPPORTED_INTERNAL,withhold,same-programme formalization/checker or finite gold,independent review or bounded claim required
A129,manuscript/sections/09-limits.tex,"V3 does not claim novelty for any of the thirteen donor mechanisms, universal minimality of the five type coordinates, deployed-agent superiority, a public full-manuscript release gate, or global literature saturation.",formal_or_scope,VERIFIED,retain,explicit adverse/scope boundary,retain boundary
A130,manuscript/sections/09-limits.tex,"It does not claim that the 169 chain compositions measure heterogeneity, that they are 169 results rather than one replicated, or that reproducing them validates any interpretation of the calculus; the mechanized section above states what each of those numbers was found to carry.",quantitative,VERIFIED,retain,explicit adverse/scope boundary,retain boundary
A131,manuscript/sections/09-limits.tex,Native authorization failure is not scientific refutation.,formal_or_scope,SUPPORTED_INTERNAL,withhold,same-programme formalization/checker or finite gold,independent review or bounded claim required
A132,manuscript/sections/09-limits.tex,The ideal equally typed decentralized product ties exactly.,formal_or_scope,SUPPORTED_INTERNAL,withhold,same-programme formalization/checker or finite gold,independent review or bounded claim required
A133,manuscript/sections/10-conclusion.tex,Replacement conclusion for V3,formal_or_scope,SUPPORTED_INTERNAL,withhold,same-programme formalization/checker or finite gold,independent review or bounded claim required
A134,manuscript/sections/10-conclusion.tex,P8's strongest form is a composition theory rather than another authorization gate.,formal_or_scope,SUPPORTED_INTERNAL,withhold,same-programme formalization/checker or finite gold,independent review or bounded claim required
A135,manuscript/sections/10-conclusion.tex,"Modern agent systems already provide serious local authority: permission graphs, proof-carrying actions, delegation chains, typed verifier certificates, receipt composition, domain scientific release, claim-evidence verification, research harnesses, and evidence-ledger adjudication.",formal_or_scope,SUPPORTED_INTERNAL,withhold,same-programme formalization/checker or finite gold,independent review or bounded claim required
A136,manuscript/sections/10-conclusion.tex,ORION should use those mechanisms rather than rebuild weaker versions of them.,formal_or_scope,SUPPORTED_INTERNAL,withhold,same-programme formalization/checker or finite gold,independent review or bounded claim required
A137,manuscript/sections/10-conclusion.tex,"The missing interface is the authority relation between these local judgments and a target scientific obligation that may differ in domain, kind, scope, content, or epoch.",formal_or_scope,UNRESOLVED,withhold,current evidence explicitly withholds authority,withhold
A138,manuscript/sections/10-conclusion.tex,P8 makes that relation explicit.,formal_or_scope,SUPPORTED_INTERNAL,withhold,same-programme formalization/checker or finite gold,independent review or bounded claim required
A139,manuscript/sections/10-conclusion.tex,"Scientific authority is non-widening by default, transformable only by protected coercion, fail-closed under unresolved blockers, exactly revocable across alternative complete support families, and compositionally reusable across heterogeneous donor systems.",formal_or_scope,SUPPORTED_INTERNAL,withhold,same-programme formalization/checker or finite gold,independent review or bounded claim required
A140,manuscript/sections/10-conclusion.tex,"An equally typed decentralized implementation has the same expressive power, which keeps the contribution architectural and semantic rather than brand-dependent.",formal_or_scope,SUPPORTED_INTERNAL,withhold,same-programme formalization/checker or finite gold,independent review or bounded claim required
A141,manuscript/sections/10-conclusion.tex,science terminal:\\ P8_CROSS_DOMAIN_SCIENTIFIC_AUTHORITY_COMPOSITION_SUPPORTED__13_DONOR_FORMAL_ENVELOPE__IDEAL_PRODUCT_EQUIVALENT.,formal_or_scope,SUPPORTED_INTERNAL,withhold,same-programme formalization/checker or finite gold,independent review or bounded claim required
A142,manuscript/bibliography.bib,"@inproceedingsucon2002, author = Park, Jaehong and Sandhu, Ravi, title = Towards usage control models: beyond traditional access control, booktitle = SACMAT, pages = 57--64, year = 2002, doi = 10.1145/507711.507722",literature,NOT_ASSESSABLE,withhold,bibliographic record present; current source entailment not reverified,verify primary source and residual
A143,manuscript/bibliography.bib,"@articleucon2004, author = Park, Jaehong and Sandhu, Ravi, title = The UCONABC usage control model, journal = ACM Transactions on Information and System Security, volume = 7, number = 1, pages = 128--174, year = 2004, doi = 10.1145/984334.984339",literature,NOT_ASSESSABLE,withhold,bibliographic record present; current source entailment not reverified,verify primary source and residual
A144,manuscript/bibliography.bib,"@articlesecpal2010, author = Becker, Moritz Y. and Fournet, C\'edric and Gordon, Andrew D., title = SecPAL: design and semantics of a decentralized authorization language, journal = Journal of Computer Security, volume = 18, number = 4, pages = 619--665, year = 2010, doi = 10.3233/JCS-2009-0364",literature,NOT_ASSESSABLE,withhold,bibliographic record present; current source entailment not reverified,verify primary source and residual
A145,manuscript/bibliography.bib,"@miscetas2026, author = Tan, H. and Wang, Y. and Zhang, P. and Li, S. and Shen, J., title = ETAS: An effect-typed language for agent systems, note = arXiv:2607.17780, year = 2026",literature,NOT_ASSESSABLE,withhold,bibliographic record present; current source entailment not reverified,verify primary source and residual
A146,manuscript/bibliography.bib,"@miscfava2026, author = Zhang, Y. and Zhao, X. and Liu, S. and Lou, H. and Cheng, G. and Liu, C., title = FAVA: Formal authorization for verified agents with evidence-backed permission graphs, note = arXiv:2607.27267, year = 2026",literature,NOT_ASSESSABLE,withhold,bibliographic record present; current source entailment not reverified,verify primary source and residual
A147,manuscript/bibliography.bib,"@miscagentbound2026, author = Kaul, A. and Lan, Q. and Gupta, P., title = AgentBound: verifiable behavioral governance for autonomous AI agents, note = arXiv:2606.30970, year = 2026",literature,NOT_ASSESSABLE,withhold,bibliographic record present; current source entailment not reverified,verify primary source and residual
A148,manuscript/bibliography.bib,"@miscpropagation2026, author = Tallam, K., title = Authorization propagation in multi-agent AI systems: identity governance as infrastructure, note = arXiv:2605.05440, year = 2026",literature,NOT_ASSESSABLE,withhold,bibliographic record present; current source entailment not reverified,verify primary source and residual
A149,manuscript/bibliography.bib,"@miscabstain2026, author = Liu, X. and others, title = AgentAbstain: Do LLM agents know when not to act?, note = arXiv:2607.10059, year = 2026",literature,NOT_ASSESSABLE,withhold,bibliographic record present; current source entailment not reverified,verify primary source and residual
A150,manuscript/bibliography.bib,"@miscprovguard2026, author = Alvarez, A. and Rajan, S. and Mugel, S. and Or\'us, R., title = ProvenanceGuard: source-aware factuality verification for MCP-based LLM agents, note = arXiv:2606.18037, year = 2026",literature,NOT_ASSESSABLE,withhold,bibliographic record present; current source entailment not reverified,verify primary source and residual
A151,manuscript/bibliography.bib,"@miscsagefin2026, author = Tang, R. and Liu, Q. and Zhang, Y. and Wang, Y. and Chen, X. and Dong, C., title = Context Is Not Authority: Structured runtime governance for financial market agents, note = arXiv:2608.09025, year = 2026",literature,NOT_ASSESSABLE,withhold,bibliographic record present; current source entailment not reverified,verify primary source and residual
A152,manuscript/bibliography.bib,"@miscsteerbench2026, author = Serdar, O. and Mertayak, C., title = SteerBench-Work: A benchmark for agent steering at action boundaries, note = arXiv:2608.12654, year = 2026",literature,NOT_ASSESSABLE,withhold,bibliographic record present; current source entailment not reverified,verify primary source and residual
A153,manuscript/bibliography.bib,"@miscaeb2026, key = Action Evidence Boundary, title = Action Evidence Boundary for Consequential Agent Effects, note = IETF Internet-Draft, year = 2026",literature,NOT_ASSESSABLE,withhold,bibliographic record present; current source entailment not reverified,verify primary source and residual
A154,manuscript/bibliography.bib,"@miscaec2026, key = Authorization Evidence Chains, title = Authorization Evidence Chains, note = IETF Internet-Draft, year = 2026",literature,NOT_ASSESSABLE,withhold,bibliographic record present; current source entailment not reverified,verify primary source and residual
