2026/08/24 14:52:41.194, 0, GPU-06bb5356-4a6f-8c40-d27d-a0de37505a16, NVIDIA A40, 580.95.05, 1255, 46068, 0, 21.42
2026/08/24 14:52:41.400, 0, GPU-06bb5356-4a6f-8c40-d27d-a0de37505a16, NVIDIA A40, 580.95.05, 1255, 46068, 0, 21.42
2026/08/24 14:52:41.601, 0, GPU-06bb5356-4a6f-8c40-d27d-a0de37505a16, NVIDIA A40, 580.95.05, 1255, 46068, 0, 21.37
2026/08/24 14:52:41.801, 0, GPU-06bb5356-4a6f-8c40-d27d-a0de37505a16, NVIDIA A40, 580.95.05, 1255, 46068, 0, 21.37
2026/08/24 14:52:42.001, 0, GPU-06bb5356-4a6f-8c40-d27d-a0de37505a16, NVIDIA A40, 580.95.05, 1255, 46068, 0, 21.37
2026/08/24 14:52:42.201, 0, GPU-06bb5356-4a6f-8c40-d27d-a0de37505a16, NVIDIA A40, 580.95.05, 1255, 46068, 0, 21.37
2026/08/24 14:52:42.402, 0, GPU-06bb5356-4a6f-8c40-d27d-a0de37505a16, NVIDIA A40, 580.95.05, 1255, 46068, 0, 21.37
2026/08/24 14:52:42.602, 0, GPU-06bb5356-4a6f-8c40-d27d-a0de37505a16, NVIDIA A40, 580.95.05, 1255, 46068, 0, 21.37
2026/08/24 14:52:42.802, 0, GPU-06bb5356-4a6f-8c40-d27d-a0de37505a16, NVIDIA A40, 580.95.05, 1255, 46068, 0, 21.37
2026/08/24 14:52:43.003, 0, GPU-06bb5356-4a6f-8c40-d27d-a0de37505a16, NVIDIA A40, 580.95.05, 1255, 46068, 0, 21.37
2026/08/24 14:52:43.203, 0, GPU-06bb5356-4a6f-8c40-d27d-a0de37505a16, NVIDIA A40, 580.95.05, 1255, 46068, 0, 21.37
2026/08/24 14:52:43.403, 0, GPU-06bb5356-4a6f-8c40-d27d-a0de37505a16, NVIDIA A40, 580.95.05, 1255, 46068, 0, 21.37
2026/08/24 14:52:43.604, 0, GPU-06bb5356-4a6f-8c40-d27d-a0de37505a16, NVIDIA A40, 580.95.05, 1255, 46068, 0, 21.37
2026/08/24 14:52:43.804, 0, GPU-06bb5356-4a6f-8c40-d27d-a0de37505a16, NVIDIA A40, 580.95.05, 1255, 46068, 0, 21.37
2026/08/24 14:52:44.004, 0, GPU-06bb5356-4a6f-8c40-d27d-a0de37505a16, NVIDIA A40, 580.95.05, 1255, 46068, 0, 21.37
2026/08/24 14:52:44.205, 0, GPU-06bb5356-4a6f-8c40-d27d-a0de37505a16, NVIDIA A40, 580.95.05, 1255, 46068, 0, 21.37
2026/08/24 14:52:44.405, 0, GPU-06bb5356-4a6f-8c40-d27d-a0de37505a16, NVIDIA A40, 580.95.05, 1255, 46068, 0, 21.37
2026/08/24 14:52:44.605, 0, GPU-06bb5356-4a6f-8c40-d27d-a0de37505a16, NVIDIA A40, 580.95.05, 1255, 46068, 0, 21.37
2026/08/24 14:52:44.806, 0, GPU-06bb5356-4a6f-8c40-d27d-a0de37505a16, NVIDIA A40, 580.95.05, 1255, 46068, 0, 22.26
2026/08/24 14:52:45.006, 0, GPU-06bb5356-4a6f-8c40-d27d-a0de37505a16, NVIDIA A40, 580.95.05, 1255, 46068, 0, 23.19
2026/08/24 14:52:45.206, 0, GPU-06bb5356-4a6f-8c40-d27d-a0de37505a16, NVIDIA A40, 580.95.05, 1255, 46068, 0, 23.89
2026/08/24 14:52:45.407, 0, GPU-06bb5356-4a6f-8c40-d27d-a0de37505a16, NVIDIA A40, 580.95.05, 1255, 46068, 0, 24.43
2026/08/24 14:52:45.607, 0, GPU-06bb5356-4a6f-8c40-d27d-a0de37505a16, NVIDIA A40, 580.95.05, 1255, 46068, 0, 24.85
2026/08/24 14:52:45.807, 0, GPU-06bb5356-4a6f-8c40-d27d-a0de37505a16, NVIDIA A40, 580.95.05, 1255, 46068, 0, 28.37
2026/08/24 14:52:46.008, 0, GPU-06bb5356-4a6f-8c40-d27d-a0de37505a16, NVIDIA A40, 580.95.05, 1255, 46068, 0, 28.37
2026/08/24 14:52:46.208, 0, GPU-06bb5356-4a6f-8c40-d27d-a0de37505a16, NVIDIA A40, 580.95.05, 1255, 46068, 0, 28.37
2026/08/24 14:52:46.408, 0, GPU-06bb5356-4a6f-8c40-d27d-a0de37505a16, NVIDIA A40, 580.95.05, 1255, 46068, 0, 28.37
2026/08/24 14:52:46.608, 0, GPU-06bb5356-4a6f-8c40-d27d-a0de37505a16, NVIDIA A40, 580.95.05, 1255, 46068, 0, 28.37
2026/08/24 14:52:46.809, 0, GPU-06bb5356-4a6f-8c40-d27d-a0de37505a16, NVIDIA A40, 580.95.05, 1255, 46068, 0, 22.03
2026/08/24 14:52:47.009, 0, GPU-06bb5356-4a6f-8c40-d27d-a0de37505a16, NVIDIA A40, 580.95.05, 1255, 46068, 0, 22.03
2026/08/24 14:52:47.209, 0, GPU-06bb5356-4a6f-8c40-d27d-a0de37505a16, NVIDIA A40, 580.95.05, 1255, 46068, 0, 22.03
2026/08/24 14:52:47.410, 0, GPU-06bb5356-4a6f-8c40-d27d-a0de37505a16, NVIDIA A40, 580.95.05, 1255, 46068, 0, 22.03
2026/08/24 14:52:47.610, 0, GPU-06bb5356-4a6f-8c40-d27d-a0de37505a16, NVIDIA A40, 580.95.05, 1255, 46068, 0, 22.03
2026/08/24 14:52:47.810, 0, GPU-06bb5356-4a6f-8c40-d27d-a0de37505a16, NVIDIA A40, 580.95.05, 1255, 46068, 0, 21.37
2026/08/24 14:52:48.011, 0, GPU-06bb5356-4a6f-8c40-d27d-a0de37505a16, NVIDIA A40, 580.95.05, 1255, 46068, 0, 21.37
2026/08/24 14:52:48.211, 0, GPU-06bb5356-4a6f-8c40-d27d-a0de37505a16, NVIDIA A40, 580.95.05, 1255, 46068, 0, 21.37
2026/08/24 14:52:48.411, 0, GPU-06bb5356-4a6f-8c40-d27d-a0de37505a16, NVIDIA A40, 580.95.05, 1255, 46068, 0, 21.37
2026/08/24 14:52:48.612, 0, GPU-06bb5356-4a6f-8c40-d27d-a0de37505a16, NVIDIA A40, 580.95.05, 1255, 46068, 0, 21.37
2026/08/24 14:52:48.812, 0, GPU-06bb5356-4a6f-8c40-d27d-a0de37505a16, NVIDIA A40, 580.95.05, 1255, 46068, 0, 21.37
2026/08/24 14:52:49.012, 0, GPU-06bb5356-4a6f-8c40-d27d-a0de37505a16, NVIDIA A40, 580.95.05, 1255, 46068, 0, 21.37
2026/08/24 14:52:49.213, 0, GPU-06bb5356-4a6f-8c40-d27d-a0de37505a16, NVIDIA A40, 580.95.05, 1255, 46068, 0, 21.37
2026/08/24 14:52:49.413, 0, GPU-06bb5356-4a6f-8c40-d27d-a0de37505a16, NVIDIA A40, 580.95.05, 1255, 46068, 0, 21.37
2026/08/24 14:52:49.613, 0, GPU-06bb5356-4a6f-8c40-d27d-a0de37505a16, NVIDIA A40, 580.95.05, 1255, 46068, 0, 21.37
2026/08/24 14:52:49.814, 0, GPU-06bb5356-4a6f-8c40-d27d-a0de37505a16, NVIDIA A40, 580.95.05, 1255, 46068, 0, 21.42
2026/08/24 14:52:50.014, 0, GPU-06bb5356-4a6f-8c40-d27d-a0de37505a16, NVIDIA A40, 580.95.05, 1255, 46068, 0, 21.42
2026/08/24 14:52:50.214, 0, GPU-06bb5356-4a6f-8c40-d27d-a0de37505a16, NVIDIA A40, 580.95.05, 1255, 46068, 0, 21.42
2026/08/24 14:52:50.415, 0, GPU-06bb5356-4a6f-8c40-d27d-a0de37505a16, NVIDIA A40, 580.95.05, 1255, 46068, 0, 21.42
2026/08/24 14:52:51.163, 0, GPU-06bb5356-4a6f-8c40-d27d-a0de37505a16, NVIDIA A40, 580.95.05, 1255, 46068, 0, 21.47
2026/08/24 14:52:51.364, 0, GPU-06bb5356-4a6f-8c40-d27d-a0de37505a16, NVIDIA A40, 580.95.05, 1255, 46068, 0, 21.47
2026/08/24 14:52:51.564, 0, GPU-06bb5356-4a6f-8c40-d27d-a0de37505a16, NVIDIA A40, 580.95.05, 1255, 46068, 0, 21.47
2026/08/24 14:52:51.764, 0, GPU-06bb5356-4a6f-8c40-d27d-a0de37505a16, NVIDIA A40, 580.95.05, 1255, 46068, 0, 21.37
2026/08/24 14:52:51.965, 0, GPU-06bb5356-4a6f-8c40-d27d-a0de37505a16, NVIDIA A40, 580.95.05, 1255, 46068, 0, 21.37
2026/08/24 14:52:52.165, 0, GPU-06bb5356-4a6f-8c40-d27d-a0de37505a16, NVIDIA A40, 580.95.05, 1255, 46068, 0, 22.97
2026/08/24 14:52:52.365, 0, GPU-06bb5356-4a6f-8c40-d27d-a0de37505a16, NVIDIA A40, 580.95.05, 1255, 46068, 0, 23.69
2026/08/24 14:52:52.565, 0, GPU-06bb5356-4a6f-8c40-d27d-a0de37505a16, NVIDIA A40, 580.95.05, 1255, 46068, 0, 24.25
2026/08/24 14:52:52.766, 0, GPU-06bb5356-4a6f-8c40-d27d-a0de37505a16, NVIDIA A40, 580.95.05, 1255, 46068, 0, 24.71
2026/08/24 14:52:52.966, 0, GPU-06bb5356-4a6f-8c40-d27d-a0de37505a16, NVIDIA A40, 580.95.05, 1255, 46068, 0, 28.25
2026/08/24 14:52:53.166, 0, GPU-06bb5356-4a6f-8c40-d27d-a0de37505a16, NVIDIA A40, 580.95.05, 1255, 46068, 0, 28.25
2026/08/24 14:52:53.367, 0, GPU-06bb5356-4a6f-8c40-d27d-a0de37505a16, NVIDIA A40, 580.95.05, 1255, 46068, 0, 28.25
2026/08/24 14:52:53.567, 0, GPU-06bb5356-4a6f-8c40-d27d-a0de37505a16, NVIDIA A40, 580.95.05, 1255, 46068, 0, 28.25
2026/08/24 14:52:53.767, 0, GPU-06bb5356-4a6f-8c40-d27d-a0de37505a16, NVIDIA A40, 580.95.05, 1255, 46068, 0, 28.25
2026/08/24 14:52:53.968, 0, GPU-06bb5356-4a6f-8c40-d27d-a0de37505a16, NVIDIA A40, 580.95.05, 1255, 46068, 0, 22.13
2026/08/24 14:52:54.168, 0, GPU-06bb5356-4a6f-8c40-d27d-a0de37505a16, NVIDIA A40, 580.95.05, 1255, 46068, 0, 22.13
2026/08/24 14:52:54.368, 0, GPU-06bb5356-4a6f-8c40-d27d-a0de37505a16, NVIDIA A40, 580.95.05, 1255, 46068, 0, 22.13
2026/08/24 14:52:54.569, 0, GPU-06bb5356-4a6f-8c40-d27d-a0de37505a16, NVIDIA A40, 580.95.05, 1255, 46068, 0, 22.13
2026/08/24 14:52:54.769, 0, GPU-06bb5356-4a6f-8c40-d27d-a0de37505a16, NVIDIA A40, 580.95.05, 1255, 46068, 0, 22.13
2026/08/24 14:52:54.969, 0, GPU-06bb5356-4a6f-8c40-d27d-a0de37505a16, NVIDIA A40, 580.95.05, 1255, 46068, 0, 21.42
2026/08/24 14:52:55.170, 0, GPU-06bb5356-4a6f-8c40-d27d-a0de37505a16, NVIDIA A40, 580.95.05, 1255, 46068, 0, 21.42
2026/08/24 14:52:55.370, 0, GPU-06bb5356-4a6f-8c40-d27d-a0de37505a16, NVIDIA A40, 580.95.05, 1255, 46068, 0, 21.42
2026/08/24 14:52:55.570, 0, GPU-06bb5356-4a6f-8c40-d27d-a0de37505a16, NVIDIA A40, 580.95.05, 1255, 46068, 0, 21.42
2026/08/24 14:52:55.771, 0, GPU-06bb5356-4a6f-8c40-d27d-a0de37505a16, NVIDIA A40, 580.95.05, 1255, 46068, 0, 21.42
2026/08/24 14:52:55.971, 0, GPU-06bb5356-4a6f-8c40-d27d-a0de37505a16, NVIDIA A40, 580.95.05, 1255, 46068, 0, 21.42
2026/08/24 14:52:56.171, 0, GPU-06bb5356-4a6f-8c40-d27d-a0de37505a16, NVIDIA A40, 580.95.05, 1255, 46068, 0, 21.42
2026/08/24 14:52:56.371, 0, GPU-06bb5356-4a6f-8c40-d27d-a0de37505a16, NVIDIA A40, 580.95.05, 1255, 46068, 0, 21.42
2026/08/24 14:52:56.572, 0, GPU-06bb5356-4a6f-8c40-d27d-a0de37505a16, NVIDIA A40, 580.95.05, 1255, 46068, 0, 21.42
2026/08/24 14:52:56.772, 0, GPU-06bb5356-4a6f-8c40-d27d-a0de37505a16, NVIDIA A40, 580.95.05, 1255, 46068, 0, 21.42
2026/08/24 14:52:56.972, 0, GPU-06bb5356-4a6f-8c40-d27d-a0de37505a16, NVIDIA A40, 580.95.05, 1255, 46068, 0, 21.42
2026/08/24 14:52:57.173, 0, GPU-06bb5356-4a6f-8c40-d27d-a0de37505a16, NVIDIA A40, 580.95.05, 1255, 46068, 0, 21.42
2026/08/24 14:52:57.373, 0, GPU-06bb5356-4a6f-8c40-d27d-a0de37505a16, NVIDIA A40, 580.95.05, 1255, 46068, 0, 21.42
2026/08/24 14:52:57.573, 0, GPU-06bb5356-4a6f-8c40-d27d-a0de37505a16, NVIDIA A40, 580.95.05, 1255, 46068, 0, 21.42
2026/08/24 14:52:57.774, 0, GPU-06bb5356-4a6f-8c40-d27d-a0de37505a16, NVIDIA A40, 580.95.05, 1255, 46068, 0, 21.42
2026/08/24 14:52:57.974, 0, GPU-06bb5356-4a6f-8c40-d27d-a0de37505a16, NVIDIA A40, 580.95.05, 1255, 46068, 0, 21.37
2026/08/24 14:52:58.174, 0, GPU-06bb5356-4a6f-8c40-d27d-a0de37505a16, NVIDIA A40, 580.95.05, 1255, 46068, 0, 21.37
2026/08/24 14:52:58.375, 0, GPU-06bb5356-4a6f-8c40-d27d-a0de37505a16, NVIDIA A40, 580.95.05, 1255, 46068, 0, 21.37
2026/08/24 14:52:58.575, 0, GPU-06bb5356-4a6f-8c40-d27d-a0de37505a16, NVIDIA A40, 580.95.05, 1255, 46068, 0, 21.37
2026/08/24 14:52:58.775, 0, GPU-06bb5356-4a6f-8c40-d27d-a0de37505a16, NVIDIA A40, 580.95.05, 1255, 46068, 0, 21.37
2026/08/24 14:52:58.976, 0, GPU-06bb5356-4a6f-8c40-d27d-a0de37505a16, NVIDIA A40, 580.95.05, 1255, 46068, 0, 21.37
2026/08/24 14:52:59.176, 0, GPU-06bb5356-4a6f-8c40-d27d-a0de37505a16, NVIDIA A40, 580.95.05, 1255, 46068, 1, 22.79
2026/08/24 14:52:59.376, 0, GPU-06bb5356-4a6f-8c40-d27d-a0de37505a16, NVIDIA A40, 580.95.05, 1255, 46068, 0, 23.48
2026/08/24 14:52:59.577, 0, GPU-06bb5356-4a6f-8c40-d27d-a0de37505a16, NVIDIA A40, 580.95.05, 1255, 46068, 0, 24.14
2026/08/24 14:52:59.777, 0, GPU-06bb5356-4a6f-8c40-d27d-a0de37505a16, NVIDIA A40, 580.95.05, 1255, 46068, 0, 24.65
2026/08/24 14:52:59.977, 0, GPU-06bb5356-4a6f-8c40-d27d-a0de37505a16, NVIDIA A40, 580.95.05, 1255, 46068, 0, 25.05
2026/08/24 14:53:00.178, 0, GPU-06bb5356-4a6f-8c40-d27d-a0de37505a16, NVIDIA A40, 580.95.05, 1255, 46068, 0, 28.72
2026/08/24 14:53:00.378, 0, GPU-06bb5356-4a6f-8c40-d27d-a0de37505a16, NVIDIA A40, 580.95.05, 1255, 46068, 3, 28.72
2026/08/24 14:53:00.578, 0, GPU-06bb5356-4a6f-8c40-d27d-a0de37505a16, NVIDIA A40, 580.95.05, 1255, 46068, 0, 28.73
2026/08/24 14:53:00.778, 0, GPU-06bb5356-4a6f-8c40-d27d-a0de37505a16, NVIDIA A40, 580.95.05, 1255, 46068, 0, 28.73
2026/08/24 14:53:00.979, 0, GPU-06bb5356-4a6f-8c40-d27d-a0de37505a16, NVIDIA A40, 580.95.05, 1255, 46068, 0, 28.72
2026/08/24 14:53:01.179, 0, GPU-06bb5356-4a6f-8c40-d27d-a0de37505a16, NVIDIA A40, 580.95.05, 1255, 46068, 0, 28.74
2026/08/24 14:53:01.379, 0, GPU-06bb5356-4a6f-8c40-d27d-a0de37505a16, NVIDIA A40, 580.95.05, 1255, 46068, 0, 28.75
2026/08/24 14:53:01.580, 0, GPU-06bb5356-4a6f-8c40-d27d-a0de37505a16, NVIDIA A40, 580.95.05, 1255, 46068, 0, 28.75
2026/08/24 14:53:01.780, 0, GPU-06bb5356-4a6f-8c40-d27d-a0de37505a16, NVIDIA A40, 580.95.05, 1255, 46068, 0, 28.75
2026/08/24 14:53:01.980, 0, GPU-06bb5356-4a6f-8c40-d27d-a0de37505a16, NVIDIA A40, 580.95.05, 1255, 46068, 0, 28.75
2026/08/24 14:53:02.181, 0, GPU-06bb5356-4a6f-8c40-d27d-a0de37505a16, NVIDIA A40, 580.95.05, 1255, 46068, 0, 28.75
2026/08/24 14:53:02.381, 0, GPU-06bb5356-4a6f-8c40-d27d-a0de37505a16, NVIDIA A40, 580.95.05, 1255, 46068, 0, 22.13
2026/08/24 14:53:02.581, 0, GPU-06bb5356-4a6f-8c40-d27d-a0de37505a16, NVIDIA A40, 580.95.05, 1255, 46068, 0, 22.13
2026/08/24 14:53:02.782, 0, GPU-06bb5356-4a6f-8c40-d27d-a0de37505a16, NVIDIA A40, 580.95.05, 1255, 46068, 0, 22.13
2026/08/24 14:53:02.982, 0, GPU-06bb5356-4a6f-8c40-d27d-a0de37505a16, NVIDIA A40, 580.95.05, 1255, 46068, 0, 22.13
2026/08/24 14:53:03.182, 0, GPU-06bb5356-4a6f-8c40-d27d-a0de37505a16, NVIDIA A40, 580.95.05, 1255, 46068, 0, 22.13
2026/08/24 14:53:03.383, 0, GPU-06bb5356-4a6f-8c40-d27d-a0de37505a16, NVIDIA A40, 580.95.05, 1255, 46068, 0, 21.37
2026/08/24 14:53:03.583, 0, GPU-06bb5356-4a6f-8c40-d27d-a0de37505a16, NVIDIA A40, 580.95.05, 1255, 46068, 0, 21.37
2026/08/24 14:53:03.783, 0, GPU-06bb5356-4a6f-8c40-d27d-a0de37505a16, NVIDIA A40, 580.95.05, 1255, 46068, 0, 21.37
2026/08/24 14:53:03.984, 0, GPU-06bb5356-4a6f-8c40-d27d-a0de37505a16, NVIDIA A40, 580.95.05, 1255, 46068, 0, 21.37
2026/08/24 14:53:04.184, 0, GPU-06bb5356-4a6f-8c40-d27d-a0de37505a16, NVIDIA A40, 580.95.05, 1255, 46068, 0, 21.37
2026/08/24 14:53:04.384, 0, GPU-06bb5356-4a6f-8c40-d27d-a0de37505a16, NVIDIA A40, 580.95.05, 1255, 46068, 0, 21.37
2026/08/24 14:53:04.585, 0, GPU-06bb5356-4a6f-8c40-d27d-a0de37505a16, NVIDIA A40, 580.95.05, 1255, 46068, 0, 21.37
2026/08/24 14:53:04.785, 0, GPU-06bb5356-4a6f-8c40-d27d-a0de37505a16, NVIDIA A40, 580.95.05, 1255, 46068, 0, 21.37
2026/08/24 14:53:04.985, 0, GPU-06bb5356-4a6f-8c40-d27d-a0de37505a16, NVIDIA A40, 580.95.05, 1255, 46068, 0, 21.37
2026/08/24 14:53:05.186, 0, GPU-06bb5356-4a6f-8c40-d27d-a0de37505a16, NVIDIA A40, 580.95.05, 1255, 46068, 0, 21.37
2026/08/24 14:53:05.386, 0, GPU-06bb5356-4a6f-8c40-d27d-a0de37505a16, NVIDIA A40, 580.95.05, 1255, 46068, 0, 21.42
2026/08/24 14:53:05.586, 0, GPU-06bb5356-4a6f-8c40-d27d-a0de37505a16, NVIDIA A40, 580.95.05, 1255, 46068, 0, 21.42
2026/08/24 14:53:05.787, 0, GPU-06bb5356-4a6f-8c40-d27d-a0de37505a16, NVIDIA A40, 580.95.05, 1255, 46068, 0, 21.42
2026/08/24 14:53:05.987, 0, GPU-06bb5356-4a6f-8c40-d27d-a0de37505a16, NVIDIA A40, 580.95.05, 1255, 46068, 0, 21.42
2026/08/24 14:53:06.187, 0, GPU-06bb5356-4a6f-8c40-d27d-a0de37505a16, NVIDIA A40, 580.95.05, 1255, 46068, 0, 21.42
2026/08/24 14:53:06.388, 0, GPU-06bb5356-4a6f-8c40-d27d-a0de37505a16, NVIDIA A40, 580.95.05, 1255, 46068, 1, 22.18
2026/08/24 14:53:06.588, 0, GPU-06bb5356-4a6f-8c40-d27d-a0de37505a16, NVIDIA A40, 580.95.05, 1255, 46068, 0, 23.15
2026/08/24 14:53:06.788, 0, GPU-06bb5356-4a6f-8c40-d27d-a0de37505a16, NVIDIA A40, 580.95.05, 1255, 46068, 0, 23.89
2026/08/24 14:53:06.989, 0, GPU-06bb5356-4a6f-8c40-d27d-a0de37505a16, NVIDIA A40, 580.95.05, 1255, 46068, 0, 24.46
2026/08/24 14:53:07.189, 0, GPU-06bb5356-4a6f-8c40-d27d-a0de37505a16, NVIDIA A40, 580.95.05, 1255, 46068, 0, 24.91
2026/08/24 14:53:07.389, 0, GPU-06bb5356-4a6f-8c40-d27d-a0de37505a16, NVIDIA A40, 580.95.05, 1255, 46068, 0, 25.10
2026/08/24 14:53:07.590, 0, GPU-06bb5356-4a6f-8c40-d27d-a0de37505a16, NVIDIA A40, 580.95.05, 1255, 46068, 0, 25.10
2026/08/24 14:53:07.790, 0, GPU-06bb5356-4a6f-8c40-d27d-a0de37505a16, NVIDIA A40, 580.95.05, 1255, 46068, 0, 25.10
2026/08/24 14:53:07.990, 0, GPU-06bb5356-4a6f-8c40-d27d-a0de37505a16, NVIDIA A40, 580.95.05, 1255, 46068, 0, 25.10
2026/08/24 14:53:08.191, 0, GPU-06bb5356-4a6f-8c40-d27d-a0de37505a16, NVIDIA A40, 580.95.05, 1255, 46068, 0, 25.10
2026/08/24 14:53:08.391, 0, GPU-06bb5356-4a6f-8c40-d27d-a0de37505a16, NVIDIA A40, 580.95.05, 1255, 46068, 0, 22.04
2026/08/24 14:53:08.591, 0, GPU-06bb5356-4a6f-8c40-d27d-a0de37505a16, NVIDIA A40, 580.95.05, 1255, 46068, 0, 22.04
2026/08/24 14:53:08.791, 0, GPU-06bb5356-4a6f-8c40-d27d-a0de37505a16, NVIDIA A40, 580.95.05, 1255, 46068, 0, 22.04
2026/08/24 14:53:08.992, 0, GPU-06bb5356-4a6f-8c40-d27d-a0de37505a16, NVIDIA A40, 580.95.05, 1255, 46068, 0, 22.04
2026/08/24 14:53:09.192, 0, GPU-06bb5356-4a6f-8c40-d27d-a0de37505a16, NVIDIA A40, 580.95.05, 1255, 46068, 0, 22.04
2026/08/24 14:53:09.392, 0, GPU-06bb5356-4a6f-8c40-d27d-a0de37505a16, NVIDIA A40, 580.95.05, 1255, 46068, 0, 21.37
2026/08/24 14:53:09.593, 0, GPU-06bb5356-4a6f-8c40-d27d-a0de37505a16, NVIDIA A40, 580.95.05, 1255, 46068, 0, 21.37
2026/08/24 14:53:09.793, 0, GPU-06bb5356-4a6f-8c40-d27d-a0de37505a16, NVIDIA A40, 580.95.05, 1255, 46068, 0, 21.37
2026/08/24 14:53:09.993, 0, GPU-06bb5356-4a6f-8c40-d27d-a0de37505a16, NVIDIA A40, 580.95.05, 1255, 46068, 0, 21.37
2026/08/24 14:53:10.194, 0, GPU-06bb5356-4a6f-8c40-d27d-a0de37505a16, NVIDIA A40, 580.95.05, 1255, 46068, 0, 21.37
2026/08/24 14:53:10.394, 0, GPU-06bb5356-4a6f-8c40-d27d-a0de37505a16, NVIDIA A40, 580.95.05, 1255, 46068, 0, 21.37
2026/08/24 14:53:10.594, 0, GPU-06bb5356-4a6f-8c40-d27d-a0de37505a16, NVIDIA A40, 580.95.05, 1255, 46068, 0, 21.37
2026/08/24 14:53:10.795, 0, GPU-06bb5356-4a6f-8c40-d27d-a0de37505a16, NVIDIA A40, 580.95.05, 1255, 46068, 0, 21.37
2026/08/24 14:53:10.995, 0, GPU-06bb5356-4a6f-8c40-d27d-a0de37505a16, NVIDIA A40, 580.95.05, 1255, 46068, 0, 21.37
2026/08/24 14:53:11.195, 0, GPU-06bb5356-4a6f-8c40-d27d-a0de37505a16, NVIDIA A40, 580.95.05, 1255, 46068, 0, 21.37
2026/08/24 14:53:11.395, 0, GPU-06bb5356-4a6f-8c40-d27d-a0de37505a16, NVIDIA A40, 580.95.05, 1255, 46068, 0, 21.32
2026/08/24 14:53:11.596, 0, GPU-06bb5356-4a6f-8c40-d27d-a0de37505a16, NVIDIA A40, 580.95.05, 1255, 46068, 0, 21.32
2026/08/24 14:53:11.796, 0, GPU-06bb5356-4a6f-8c40-d27d-a0de37505a16, NVIDIA A40, 580.95.05, 1255, 46068, 0, 21.32
2026/08/24 14:53:11.996, 0, GPU-06bb5356-4a6f-8c40-d27d-a0de37505a16, NVIDIA A40, 580.95.05, 1255, 46068, 0, 21.32
2026/08/24 14:53:12.196, 0, GPU-06bb5356-4a6f-8c40-d27d-a0de37505a16, NVIDIA A40, 580.95.05, 1255, 46068, 0, 21.32
2026/08/24 14:53:12.397, 0, GPU-06bb5356-4a6f-8c40-d27d-a0de37505a16, NVIDIA A40, 580.95.05, 1255, 46068, 0, 21.37
2026/08/24 14:53:12.597, 0, GPU-06bb5356-4a6f-8c40-d27d-a0de37505a16, NVIDIA A40, 580.95.05, 1255, 46068, 0, 21.37
2026/08/24 14:53:12.797, 0, GPU-06bb5356-4a6f-8c40-d27d-a0de37505a16, NVIDIA A40, 580.95.05, 1255, 46068, 0, 21.37
2026/08/24 14:53:12.997, 0, GPU-06bb5356-4a6f-8c40-d27d-a0de37505a16, NVIDIA A40, 580.95.05, 1255, 46068, 0, 21.37
2026/08/24 14:53:13.197, 0, GPU-06bb5356-4a6f-8c40-d27d-a0de37505a16, NVIDIA A40, 580.95.05, 1255, 46068, 0, 21.37
2026/08/24 14:53:13.398, 0, GPU-06bb5356-4a6f-8c40-d27d-a0de37505a16, NVIDIA A40, 580.95.05, 1255, 46068, 0, 21.37
2026/08/24 14:53:13.598, 0, GPU-06bb5356-4a6f-8c40-d27d-a0de37505a16, NVIDIA A40, 580.95.05, 1255, 46068, 0, 22.50
2026/08/24 14:53:13.798, 0, GPU-06bb5356-4a6f-8c40-d27d-a0de37505a16, NVIDIA A40, 580.95.05, 1255, 46068, 0, 23.36
2026/08/24 14:53:13.998, 0, GPU-06bb5356-4a6f-8c40-d27d-a0de37505a16, NVIDIA A40, 580.95.05, 1255, 46068, 0, 23.99
2026/08/24 14:53:14.198, 0, GPU-06bb5356-4a6f-8c40-d27d-a0de37505a16, NVIDIA A40, 580.95.05, 1255, 46068, 0, 24.48
2026/08/24 14:53:14.399, 0, GPU-06bb5356-4a6f-8c40-d27d-a0de37505a16, NVIDIA A40, 580.95.05, 1255, 46068, 0, 28.18
2026/08/24 14:53:14.599, 0, GPU-06bb5356-4a6f-8c40-d27d-a0de37505a16, NVIDIA A40, 580.95.05, 1255, 46068, 0, 28.22
2026/08/24 14:53:14.799, 0, GPU-06bb5356-4a6f-8c40-d27d-a0de37505a16, NVIDIA A40, 580.95.05, 1255, 46068, 0, 28.22
2026/08/24 14:53:14.999, 0, GPU-06bb5356-4a6f-8c40-d27d-a0de37505a16, NVIDIA A40, 580.95.05, 1255, 46068, 0, 28.22
2026/08/24 14:53:15.199, 0, GPU-06bb5356-4a6f-8c40-d27d-a0de37505a16, NVIDIA A40, 580.95.05, 1255, 46068, 0, 28.22
2026/08/24 14:53:15.399, 0, GPU-06bb5356-4a6f-8c40-d27d-a0de37505a16, NVIDIA A40, 580.95.05, 1255, 46068, 0, 28.22
2026/08/24 14:53:15.600, 0, GPU-06bb5356-4a6f-8c40-d27d-a0de37505a16, NVIDIA A40, 580.95.05, 1255, 46068, 0, 22.03
2026/08/24 14:53:15.800, 0, GPU-06bb5356-4a6f-8c40-d27d-a0de37505a16, NVIDIA A40, 580.95.05, 1255, 46068, 0, 22.03
2026/08/24 14:53:16.000, 0, GPU-06bb5356-4a6f-8c40-d27d-a0de37505a16, NVIDIA A40, 580.95.05, 1255, 46068, 0, 22.03
2026/08/24 14:53:16.200, 0, GPU-06bb5356-4a6f-8c40-d27d-a0de37505a16, NVIDIA A40, 580.95.05, 1255, 46068, 0, 22.03
2026/08/24 14:53:16.400, 0, GPU-06bb5356-4a6f-8c40-d27d-a0de37505a16, NVIDIA A40, 580.95.05, 1255, 46068, 0, 22.03
2026/08/24 14:53:16.601, 0, GPU-06bb5356-4a6f-8c40-d27d-a0de37505a16, NVIDIA A40, 580.95.05, 1255, 46068, 0, 21.42
2026/08/24 14:53:16.801, 0, GPU-06bb5356-4a6f-8c40-d27d-a0de37505a16, NVIDIA A40, 580.95.05, 1255, 46068, 0, 21.42
2026/08/24 14:53:17.001, 0, GPU-06bb5356-4a6f-8c40-d27d-a0de37505a16, NVIDIA A40, 580.95.05, 1255, 46068, 0, 21.42
2026/08/24 14:53:17.201, 0, GPU-06bb5356-4a6f-8c40-d27d-a0de37505a16, NVIDIA A40, 580.95.05, 1255, 46068, 0, 21.42
2026/08/24 14:53:17.401, 0, GPU-06bb5356-4a6f-8c40-d27d-a0de37505a16, NVIDIA A40, 580.95.05, 1255, 46068, 0, 21.42
2026/08/24 14:53:17.601, 0, GPU-06bb5356-4a6f-8c40-d27d-a0de37505a16, NVIDIA A40, 580.95.05, 1255, 46068, 0, 21.37
2026/08/24 14:53:17.802, 0, GPU-06bb5356-4a6f-8c40-d27d-a0de37505a16, NVIDIA A40, 580.95.05, 1255, 46068, 0, 21.37
2026/08/24 14:53:18.002, 0, GPU-06bb5356-4a6f-8c40-d27d-a0de37505a16, NVIDIA A40, 580.95.05, 1255, 46068, 0, 21.37
2026/08/24 14:53:18.202, 0, GPU-06bb5356-4a6f-8c40-d27d-a0de37505a16, NVIDIA A40, 580.95.05, 1255, 46068, 0, 21.37
2026/08/24 14:53:18.402, 0, GPU-06bb5356-4a6f-8c40-d27d-a0de37505a16, NVIDIA A40, 580.95.05, 1255, 46068, 0, 21.37
2026/08/24 14:53:18.602, 0, GPU-06bb5356-4a6f-8c40-d27d-a0de37505a16, NVIDIA A40, 580.95.05, 1255, 46068, 0, 21.32
2026/08/24 14:53:18.803, 0, GPU-06bb5356-4a6f-8c40-d27d-a0de37505a16, NVIDIA A40, 580.95.05, 1255, 46068, 0, 21.32
2026/08/24 14:53:19.003, 0, GPU-06bb5356-4a6f-8c40-d27d-a0de37505a16, NVIDIA A40, 580.95.05, 1255, 46068, 0, 21.32
2026/08/24 14:53:19.203, 0, GPU-06bb5356-4a6f-8c40-d27d-a0de37505a16, NVIDIA A40, 580.95.05, 1255, 46068, 0, 21.32
2026/08/24 14:53:19.403, 0, GPU-06bb5356-4a6f-8c40-d27d-a0de37505a16, NVIDIA A40, 580.95.05, 1255, 46068, 0, 21.32
2026/08/24 14:53:19.603, 0, GPU-06bb5356-4a6f-8c40-d27d-a0de37505a16, NVIDIA A40, 580.95.05, 1255, 46068, 0, 21.37
2026/08/24 14:53:19.804, 0, GPU-06bb5356-4a6f-8c40-d27d-a0de37505a16, NVIDIA A40, 580.95.05, 1255, 46068, 0, 21.37
2026/08/24 14:53:20.004, 0, GPU-06bb5356-4a6f-8c40-d27d-a0de37505a16, NVIDIA A40, 580.95.05, 1255, 46068, 0, 21.37
2026/08/24 14:53:20.204, 0, GPU-06bb5356-4a6f-8c40-d27d-a0de37505a16, NVIDIA A40, 580.95.05, 1255, 46068, 0, 21.37
2026/08/24 14:53:20.404, 0, GPU-06bb5356-4a6f-8c40-d27d-a0de37505a16, NVIDIA A40, 580.95.05, 1255, 46068, 0, 21.37
2026/08/24 14:53:20.604, 0, GPU-06bb5356-4a6f-8c40-d27d-a0de37505a16, NVIDIA A40, 580.95.05, 1255, 46068, 0, 21.32
2026/08/24 14:53:20.804, 0, GPU-06bb5356-4a6f-8c40-d27d-a0de37505a16, NVIDIA A40, 580.95.05, 1255, 46068, 0, 22.98
2026/08/24 14:53:21.005, 0, GPU-06bb5356-4a6f-8c40-d27d-a0de37505a16, NVIDIA A40, 580.95.05, 1255, 46068, 0, 23.73
2026/08/24 14:53:21.205, 0, GPU-06bb5356-4a6f-8c40-d27d-a0de37505a16, NVIDIA A40, 580.95.05, 1255, 46068, 0, 24.31
2026/08/24 14:53:21.405, 0, GPU-06bb5356-4a6f-8c40-d27d-a0de37505a16, NVIDIA A40, 580.95.05, 1255, 46068, 0, 24.77
2026/08/24 14:53:21.605, 0, GPU-06bb5356-4a6f-8c40-d27d-a0de37505a16, NVIDIA A40, 580.95.05, 1255, 46068, 0, 28.67
2026/08/24 14:53:21.805, 0, GPU-06bb5356-4a6f-8c40-d27d-a0de37505a16, NVIDIA A40, 580.95.05, 1255, 46068, 0, 28.67
2026/08/24 14:53:22.005, 0, GPU-06bb5356-4a6f-8c40-d27d-a0de37505a16, NVIDIA A40, 580.95.05, 1255, 46068, 0, 28.67
2026/08/24 14:53:22.206, 0, GPU-06bb5356-4a6f-8c40-d27d-a0de37505a16, NVIDIA A40, 580.95.05, 1255, 46068, 0, 28.67
2026/08/24 14:53:22.406, 0, GPU-06bb5356-4a6f-8c40-d27d-a0de37505a16, NVIDIA A40, 580.95.05, 1255, 46068, 0, 28.67
2026/08/24 14:53:22.606, 0, GPU-06bb5356-4a6f-8c40-d27d-a0de37505a16, NVIDIA A40, 580.95.05, 1255, 46068, 0, 28.67
2026/08/24 14:53:22.806, 0, GPU-06bb5356-4a6f-8c40-d27d-a0de37505a16, NVIDIA A40, 580.95.05, 1255, 46068, 0, 22.03
2026/08/24 14:53:23.006, 0, GPU-06bb5356-4a6f-8c40-d27d-a0de37505a16, NVIDIA A40, 580.95.05, 1255, 46068, 0, 22.03
2026/08/24 14:53:23.207, 0, GPU-06bb5356-4a6f-8c40-d27d-a0de37505a16, NVIDIA A40, 580.95.05, 1255, 46068, 0, 22.03
2026/08/24 14:53:23.407, 0, GPU-06bb5356-4a6f-8c40-d27d-a0de37505a16, NVIDIA A40, 580.95.05, 1255, 46068, 0, 22.03
2026/08/24 14:53:23.607, 0, GPU-06bb5356-4a6f-8c40-d27d-a0de37505a16, NVIDIA A40, 580.95.05, 1255, 46068, 0, 22.03
2026/08/24 14:53:23.807, 0, GPU-06bb5356-4a6f-8c40-d27d-a0de37505a16, NVIDIA A40, 580.95.05, 1255, 46068, 0, 21.37
2026/08/24 14:53:24.007, 0, GPU-06bb5356-4a6f-8c40-d27d-a0de37505a16, NVIDIA A40, 580.95.05, 1255, 46068, 0, 21.37
2026/08/24 14:53:24.207, 0, GPU-06bb5356-4a6f-8c40-d27d-a0de37505a16, NVIDIA A40, 580.95.05, 1255, 46068, 0, 21.37
2026/08/24 14:53:24.408, 0, GPU-06bb5356-4a6f-8c40-d27d-a0de37505a16, NVIDIA A40, 580.95.05, 1255, 46068, 0, 21.37
2026/08/24 14:53:24.608, 0, GPU-06bb5356-4a6f-8c40-d27d-a0de37505a16, NVIDIA A40, 580.95.05, 1255, 46068, 0, 21.37
2026/08/24 14:53:24.808, 0, GPU-06bb5356-4a6f-8c40-d27d-a0de37505a16, NVIDIA A40, 580.95.05, 1255, 46068, 0, 21.37
2026/08/24 14:53:25.008, 0, GPU-06bb5356-4a6f-8c40-d27d-a0de37505a16, NVIDIA A40, 580.95.05, 1255, 46068, 0, 21.37
2026/08/24 14:53:25.208, 0, GPU-06bb5356-4a6f-8c40-d27d-a0de37505a16, NVIDIA A40, 580.95.05, 1255, 46068, 0, 21.37
2026/08/24 14:53:25.408, 0, GPU-06bb5356-4a6f-8c40-d27d-a0de37505a16, NVIDIA A40, 580.95.05, 1255, 46068, 0, 21.37
2026/08/24 14:53:25.609, 0, GPU-06bb5356-4a6f-8c40-d27d-a0de37505a16, NVIDIA A40, 580.95.05, 1255, 46068, 0, 21.37
2026/08/24 14:53:25.809, 0, GPU-06bb5356-4a6f-8c40-d27d-a0de37505a16, NVIDIA A40, 580.95.05, 1255, 46068, 0, 21.37
2026/08/24 14:53:26.009, 0, GPU-06bb5356-4a6f-8c40-d27d-a0de37505a16, NVIDIA A40, 580.95.05, 1255, 46068, 0, 21.37
2026/08/24 14:53:26.209, 0, GPU-06bb5356-4a6f-8c40-d27d-a0de37505a16, NVIDIA A40, 580.95.05, 1255, 46068, 0, 21.37
2026/08/24 14:53:26.409, 0, GPU-06bb5356-4a6f-8c40-d27d-a0de37505a16, NVIDIA A40, 580.95.05, 1255, 46068, 0, 21.37
2026/08/24 14:53:26.610, 0, GPU-06bb5356-4a6f-8c40-d27d-a0de37505a16, NVIDIA A40, 580.95.05, 1255, 46068, 0, 21.37
2026/08/24 14:53:26.810, 0, GPU-06bb5356-4a6f-8c40-d27d-a0de37505a16, NVIDIA A40, 580.95.05, 1255, 46068, 0, 21.37
2026/08/24 14:53:27.010, 0, GPU-06bb5356-4a6f-8c40-d27d-a0de37505a16, NVIDIA A40, 580.95.05, 1255, 46068, 0, 21.37
2026/08/24 14:53:27.210, 0, GPU-06bb5356-4a6f-8c40-d27d-a0de37505a16, NVIDIA A40, 580.95.05, 1255, 46068, 0, 21.37
2026/08/24 14:53:27.410, 0, GPU-06bb5356-4a6f-8c40-d27d-a0de37505a16, NVIDIA A40, 580.95.05, 1255, 46068, 0, 21.37
2026/08/24 14:53:27.610, 0, GPU-06bb5356-4a6f-8c40-d27d-a0de37505a16, NVIDIA A40, 580.95.05, 1255, 46068, 0, 21.37
2026/08/24 14:53:27.811, 0, GPU-06bb5356-4a6f-8c40-d27d-a0de37505a16, NVIDIA A40, 580.95.05, 1255, 46068, 0, 21.37
2026/08/24 14:53:28.011, 0, GPU-06bb5356-4a6f-8c40-d27d-a0de37505a16, NVIDIA A40, 580.95.05, 1255, 46068, 0, 22.70
2026/08/24 14:53:28.211, 0, GPU-06bb5356-4a6f-8c40-d27d-a0de37505a16, NVIDIA A40, 580.95.05, 1255, 46068, 0, 23.50
2026/08/24 14:53:28.411, 0, GPU-06bb5356-4a6f-8c40-d27d-a0de37505a16, NVIDIA A40, 580.95.05, 1255, 46068, 0, 24.12
2026/08/24 14:53:28.611, 0, GPU-06bb5356-4a6f-8c40-d27d-a0de37505a16, NVIDIA A40, 580.95.05, 1255, 46068, 0, 24.59
2026/08/24 14:53:28.812, 0, GPU-06bb5356-4a6f-8c40-d27d-a0de37505a16, NVIDIA A40, 580.95.05, 1255, 46068, 0, 28.27
2026/08/24 14:53:29.012, 0, GPU-06bb5356-4a6f-8c40-d27d-a0de37505a16, NVIDIA A40, 580.95.05, 1255, 46068, 0, 28.31
2026/08/24 14:53:29.212, 0, GPU-06bb5356-4a6f-8c40-d27d-a0de37505a16, NVIDIA A40, 580.95.05, 1255, 46068, 0, 28.31
2026/08/24 14:53:29.412, 0, GPU-06bb5356-4a6f-8c40-d27d-a0de37505a16, NVIDIA A40, 580.95.05, 1255, 46068, 0, 28.31
2026/08/24 14:53:29.612, 0, GPU-06bb5356-4a6f-8c40-d27d-a0de37505a16, NVIDIA A40, 580.95.05, 1255, 46068, 0, 28.31
2026/08/24 14:53:29.812, 0, GPU-06bb5356-4a6f-8c40-d27d-a0de37505a16, NVIDIA A40, 580.95.05, 1255, 46068, 0, 28.31
2026/08/24 14:53:30.013, 0, GPU-06bb5356-4a6f-8c40-d27d-a0de37505a16, NVIDIA A40, 580.95.05, 1255, 46068, 0, 22.04
2026/08/24 14:53:30.213, 0, GPU-06bb5356-4a6f-8c40-d27d-a0de37505a16, NVIDIA A40, 580.95.05, 1255, 46068, 0, 22.04
2026/08/24 14:53:30.413, 0, GPU-06bb5356-4a6f-8c40-d27d-a0de37505a16, NVIDIA A40, 580.95.05, 1255, 46068, 0, 22.04
2026/08/24 14:53:30.613, 0, GPU-06bb5356-4a6f-8c40-d27d-a0de37505a16, NVIDIA A40, 580.95.05, 1255, 46068, 0, 22.04
2026/08/24 14:53:30.813, 0, GPU-06bb5356-4a6f-8c40-d27d-a0de37505a16, NVIDIA A40, 580.95.05, 1255, 46068, 0, 22.04
2026/08/24 14:53:31.013, 0, GPU-06bb5356-4a6f-8c40-d27d-a0de37505a16, NVIDIA A40, 580.95.05, 1255, 46068, 0, 21.37
2026/08/24 14:53:31.214, 0, GPU-06bb5356-4a6f-8c40-d27d-a0de37505a16, NVIDIA A40, 580.95.05, 1255, 46068, 0, 21.37
2026/08/24 14:53:31.414, 0, GPU-06bb5356-4a6f-8c40-d27d-a0de37505a16, NVIDIA A40, 580.95.05, 1255, 46068, 0, 21.37
2026/08/24 14:53:31.614, 0, GPU-06bb5356-4a6f-8c40-d27d-a0de37505a16, NVIDIA A40, 580.95.05, 1255, 46068, 0, 21.37
2026/08/24 14:53:31.814, 0, GPU-06bb5356-4a6f-8c40-d27d-a0de37505a16, NVIDIA A40, 580.95.05, 1255, 46068, 0, 21.37
2026/08/24 14:53:32.014, 0, GPU-06bb5356-4a6f-8c40-d27d-a0de37505a16, NVIDIA A40, 580.95.05, 1255, 46068, 0, 21.37
2026/08/24 14:53:32.215, 0, GPU-06bb5356-4a6f-8c40-d27d-a0de37505a16, NVIDIA A40, 580.95.05, 1255, 46068, 0, 21.37
2026/08/24 14:53:32.415, 0, GPU-06bb5356-4a6f-8c40-d27d-a0de37505a16, NVIDIA A40, 580.95.05, 1255, 46068, 0, 21.37
2026/08/24 14:53:32.615, 0, GPU-06bb5356-4a6f-8c40-d27d-a0de37505a16, NVIDIA A40, 580.95.05, 1255, 46068, 0, 21.37
2026/08/24 14:53:32.815, 0, GPU-06bb5356-4a6f-8c40-d27d-a0de37505a16, NVIDIA A40, 580.95.05, 1255, 46068, 0, 21.37
2026/08/24 14:53:33.015, 0, GPU-06bb5356-4a6f-8c40-d27d-a0de37505a16, NVIDIA A40, 580.95.05, 1255, 46068, 0, 21.37
2026/08/24 14:53:33.216, 0, GPU-06bb5356-4a6f-8c40-d27d-a0de37505a16, NVIDIA A40, 580.95.05, 1255, 46068, 0, 21.37
2026/08/24 14:53:33.416, 0, GPU-06bb5356-4a6f-8c40-d27d-a0de37505a16, NVIDIA A40, 580.95.05, 1255, 46068, 0, 21.37
2026/08/24 14:53:33.616, 0, GPU-06bb5356-4a6f-8c40-d27d-a0de37505a16, NVIDIA A40, 580.95.05, 1255, 46068, 0, 21.37
2026/08/24 14:53:33.816, 0, GPU-06bb5356-4a6f-8c40-d27d-a0de37505a16, NVIDIA A40, 580.95.05, 1255, 46068, 0, 21.37
2026/08/24 14:53:34.017, 0, GPU-06bb5356-4a6f-8c40-d27d-a0de37505a16, NVIDIA A40, 580.95.05, 1255, 46068, 0, 21.42
2026/08/24 14:53:34.217, 0, GPU-06bb5356-4a6f-8c40-d27d-a0de37505a16, NVIDIA A40, 580.95.05, 1255, 46068, 0, 21.42
2026/08/24 14:53:34.417, 0, GPU-06bb5356-4a6f-8c40-d27d-a0de37505a16, NVIDIA A40, 580.95.05, 1255, 46068, 0, 21.42
2026/08/24 14:53:34.618, 0, GPU-06bb5356-4a6f-8c40-d27d-a0de37505a16, NVIDIA A40, 580.95.05, 1255, 46068, 0, 21.42
2026/08/24 14:53:34.818, 0, GPU-06bb5356-4a6f-8c40-d27d-a0de37505a16, NVIDIA A40, 580.95.05, 1255, 46068, 0, 21.47
2026/08/24 14:53:35.018, 0, GPU-06bb5356-4a6f-8c40-d27d-a0de37505a16, NVIDIA A40, 580.95.05, 1255, 46068, 0, 22.30
2026/08/24 14:53:35.219, 0, GPU-06bb5356-4a6f-8c40-d27d-a0de37505a16, NVIDIA A40, 580.95.05, 1255, 46068, 0, 23.27
2026/08/24 14:53:35.419, 0, GPU-06bb5356-4a6f-8c40-d27d-a0de37505a16, NVIDIA A40, 580.95.05, 1255, 46068, 0, 23.94
2026/08/24 14:53:35.619, 0, GPU-06bb5356-4a6f-8c40-d27d-a0de37505a16, NVIDIA A40, 580.95.05, 1255, 46068, 0, 24.47
2026/08/24 14:53:35.820, 0, GPU-06bb5356-4a6f-8c40-d27d-a0de37505a16, NVIDIA A40, 580.95.05, 1255, 46068, 0, 24.89
2026/08/24 14:53:36.020, 0, GPU-06bb5356-4a6f-8c40-d27d-a0de37505a16, NVIDIA A40, 580.95.05, 1255, 46068, 0, 28.36
2026/08/24 14:53:36.220, 0, GPU-06bb5356-4a6f-8c40-d27d-a0de37505a16, NVIDIA A40, 580.95.05, 1255, 46068, 0, 28.36
2026/08/24 14:53:36.420, 0, GPU-06bb5356-4a6f-8c40-d27d-a0de37505a16, NVIDIA A40, 580.95.05, 1255, 46068, 0, 28.36
2026/08/24 14:53:36.621, 0, GPU-06bb5356-4a6f-8c40-d27d-a0de37505a16, NVIDIA A40, 580.95.05, 1255, 46068, 0, 28.36
2026/08/24 14:53:36.821, 0, GPU-06bb5356-4a6f-8c40-d27d-a0de37505a16, NVIDIA A40, 580.95.05, 1255, 46068, 0, 28.36
2026/08/24 14:53:37.021, 0, GPU-06bb5356-4a6f-8c40-d27d-a0de37505a16, NVIDIA A40, 580.95.05, 1255, 46068, 0, 22.04
2026/08/24 14:53:37.222, 0, GPU-06bb5356-4a6f-8c40-d27d-a0de37505a16, NVIDIA A40, 580.95.05, 1255, 46068, 0, 22.04
2026/08/24 14:53:37.422, 0, GPU-06bb5356-4a6f-8c40-d27d-a0de37505a16, NVIDIA A40, 580.95.05, 1255, 46068, 0, 22.04
2026/08/24 14:53:37.622, 0, GPU-06bb5356-4a6f-8c40-d27d-a0de37505a16, NVIDIA A40, 580.95.05, 1255, 46068, 0, 22.04
2026/08/24 14:53:37.823, 0, GPU-06bb5356-4a6f-8c40-d27d-a0de37505a16, NVIDIA A40, 580.95.05, 1255, 46068, 0, 22.04
2026/08/24 14:53:38.023, 0, GPU-06bb5356-4a6f-8c40-d27d-a0de37505a16, NVIDIA A40, 580.95.05, 1255, 46068, 0, 21.37
2026/08/24 14:53:38.223, 0, GPU-06bb5356-4a6f-8c40-d27d-a0de37505a16, NVIDIA A40, 580.95.05, 1255, 46068, 0, 21.37
2026/08/24 14:53:38.424, 0, GPU-06bb5356-4a6f-8c40-d27d-a0de37505a16, NVIDIA A40, 580.95.05, 1255, 46068, 0, 21.37
2026/08/24 14:53:38.624, 0, GPU-06bb5356-4a6f-8c40-d27d-a0de37505a16, NVIDIA A40, 580.95.05, 1255, 46068, 0, 21.37
2026/08/24 14:53:38.824, 0, GPU-06bb5356-4a6f-8c40-d27d-a0de37505a16, NVIDIA A40, 580.95.05, 1255, 46068, 0, 21.37
2026/08/24 14:53:39.025, 0, GPU-06bb5356-4a6f-8c40-d27d-a0de37505a16, NVIDIA A40, 580.95.05, 1255, 46068, 0, 21.37
2026/08/24 14:53:39.225, 0, GPU-06bb5356-4a6f-8c40-d27d-a0de37505a16, NVIDIA A40, 580.95.05, 1255, 46068, 0, 21.37
2026/08/24 14:53:39.425, 0, GPU-06bb5356-4a6f-8c40-d27d-a0de37505a16, NVIDIA A40, 580.95.05, 1255, 46068, 0, 21.37
2026/08/24 14:53:39.626, 0, GPU-06bb5356-4a6f-8c40-d27d-a0de37505a16, NVIDIA A40, 580.95.05, 1255, 46068, 0, 21.37
2026/08/24 14:53:39.826, 0, GPU-06bb5356-4a6f-8c40-d27d-a0de37505a16, NVIDIA A40, 580.95.05, 1255, 46068, 0, 21.37
2026/08/24 14:53:40.026, 0, GPU-06bb5356-4a6f-8c40-d27d-a0de37505a16, NVIDIA A40, 580.95.05, 1255, 46068, 0, 21.37
2026/08/24 14:53:40.226, 0, GPU-06bb5356-4a6f-8c40-d27d-a0de37505a16, NVIDIA A40, 580.95.05, 1255, 46068, 0, 21.37
2026/08/24 14:53:40.427, 0, GPU-06bb5356-4a6f-8c40-d27d-a0de37505a16, NVIDIA A40, 580.95.05, 1255, 46068, 0, 21.37
2026/08/24 14:53:40.627, 0, GPU-06bb5356-4a6f-8c40-d27d-a0de37505a16, NVIDIA A40, 580.95.05, 1255, 46068, 0, 21.37
2026/08/24 14:53:40.827, 0, GPU-06bb5356-4a6f-8c40-d27d-a0de37505a16, NVIDIA A40, 580.95.05, 1255, 46068, 0, 21.37
2026/08/24 14:53:41.028, 0, GPU-06bb5356-4a6f-8c40-d27d-a0de37505a16, NVIDIA A40, 580.95.05, 1255, 46068, 0, 21.37
2026/08/24 14:53:41.228, 0, GPU-06bb5356-4a6f-8c40-d27d-a0de37505a16, NVIDIA A40, 580.95.05, 1255, 46068, 0, 21.37
2026/08/24 14:53:41.428, 0, GPU-06bb5356-4a6f-8c40-d27d-a0de37505a16, NVIDIA A40, 580.95.05, 1255, 46068, 0, 21.37
2026/08/24 14:53:41.629, 0, GPU-06bb5356-4a6f-8c40-d27d-a0de37505a16, NVIDIA A40, 580.95.05, 1255, 46068, 0, 21.37
2026/08/24 14:53:41.829, 0, GPU-06bb5356-4a6f-8c40-d27d-a0de37505a16, NVIDIA A40, 580.95.05, 1255, 46068, 0, 21.37
2026/08/24 14:53:42.029, 0, GPU-06bb5356-4a6f-8c40-d27d-a0de37505a16, NVIDIA A40, 580.95.05, 1255, 46068, 0, 21.37
2026/08/24 14:53:42.230, 0, GPU-06bb5356-4a6f-8c40-d27d-a0de37505a16, NVIDIA A40, 580.95.05, 1255, 46068, 1, 22.96
2026/08/24 14:53:42.430, 0, GPU-06bb5356-4a6f-8c40-d27d-a0de37505a16, NVIDIA A40, 580.95.05, 1255, 46068, 0, 23.77
2026/08/24 14:53:42.630, 0, GPU-06bb5356-4a6f-8c40-d27d-a0de37505a16, NVIDIA A40, 580.95.05, 1255, 46068, 0, 24.35
2026/08/24 14:53:42.830, 0, GPU-06bb5356-4a6f-8c40-d27d-a0de37505a16, NVIDIA A40, 580.95.05, 1255, 46068, 0, 24.81
2026/08/24 14:53:43.031, 0, GPU-06bb5356-4a6f-8c40-d27d-a0de37505a16, NVIDIA A40, 580.95.05, 1255, 46068, 0, 28.66
2026/08/24 14:53:43.231, 0, GPU-06bb5356-4a6f-8c40-d27d-a0de37505a16, NVIDIA A40, 580.95.05, 1255, 46068, 0, 28.66
2026/08/24 14:53:43.431, 0, GPU-06bb5356-4a6f-8c40-d27d-a0de37505a16, NVIDIA A40, 580.95.05, 1255, 46068, 0, 28.66
2026/08/24 14:53:43.632, 0, GPU-06bb5356-4a6f-8c40-d27d-a0de37505a16, NVIDIA A40, 580.95.05, 1255, 46068, 0, 28.66
2026/08/24 14:53:43.832, 0, GPU-06bb5356-4a6f-8c40-d27d-a0de37505a16, NVIDIA A40, 580.95.05, 1255, 46068, 0, 28.66
2026/08/24 14:53:44.032, 0, GPU-06bb5356-4a6f-8c40-d27d-a0de37505a16, NVIDIA A40, 580.95.05, 1255, 46068, 0, 28.66
2026/08/24 14:53:44.233, 0, GPU-06bb5356-4a6f-8c40-d27d-a0de37505a16, NVIDIA A40, 580.95.05, 1255, 46068, 0, 22.03
2026/08/24 14:53:44.433, 0, GPU-06bb5356-4a6f-8c40-d27d-a0de37505a16, NVIDIA A40, 580.95.05, 1255, 46068, 0, 22.03
2026/08/24 14:53:44.633, 0, GPU-06bb5356-4a6f-8c40-d27d-a0de37505a16, NVIDIA A40, 580.95.05, 1255, 46068, 0, 22.03
2026/08/24 14:53:44.834, 0, GPU-06bb5356-4a6f-8c40-d27d-a0de37505a16, NVIDIA A40, 580.95.05, 1255, 46068, 0, 22.03
2026/08/24 14:53:45.034, 0, GPU-06bb5356-4a6f-8c40-d27d-a0de37505a16, NVIDIA A40, 580.95.05, 1255, 46068, 0, 22.03
2026/08/24 14:53:45.234, 0, GPU-06bb5356-4a6f-8c40-d27d-a0de37505a16, NVIDIA A40, 580.95.05, 1255, 46068, 0, 21.32
2026/08/24 14:53:45.435, 0, GPU-06bb5356-4a6f-8c40-d27d-a0de37505a16, NVIDIA A40, 580.95.05, 1255, 46068, 0, 21.32
2026/08/24 14:53:45.635, 0, GPU-06bb5356-4a6f-8c40-d27d-a0de37505a16, NVIDIA A40, 580.95.05, 1255, 46068, 0, 21.32
2026/08/24 14:53:45.835, 0, GPU-06bb5356-4a6f-8c40-d27d-a0de37505a16, NVIDIA A40, 580.95.05, 1255, 46068, 0, 21.32
2026/08/24 14:53:46.035, 0, GPU-06bb5356-4a6f-8c40-d27d-a0de37505a16, NVIDIA A40, 580.95.05, 1255, 46068, 0, 21.32
2026/08/24 14:53:46.236, 0, GPU-06bb5356-4a6f-8c40-d27d-a0de37505a16, NVIDIA A40, 580.95.05, 1255, 46068, 0, 21.32
2026/08/24 14:53:46.436, 0, GPU-06bb5356-4a6f-8c40-d27d-a0de37505a16, NVIDIA A40, 580.95.05, 1255, 46068, 0, 21.32
2026/08/24 14:53:46.636, 0, GPU-06bb5356-4a6f-8c40-d27d-a0de37505a16, NVIDIA A40, 580.95.05, 1255, 46068, 0, 21.32
2026/08/24 14:53:46.837, 0, GPU-06bb5356-4a6f-8c40-d27d-a0de37505a16, NVIDIA A40, 580.95.05, 1255, 46068, 0, 21.32
2026/08/24 14:53:47.037, 0, GPU-06bb5356-4a6f-8c40-d27d-a0de37505a16, NVIDIA A40, 580.95.05, 1255, 46068, 0, 21.32
2026/08/24 14:53:47.237, 0, GPU-06bb5356-4a6f-8c40-d27d-a0de37505a16, NVIDIA A40, 580.95.05, 1255, 46068, 0, 21.37
2026/08/24 14:53:47.438, 0, GPU-06bb5356-4a6f-8c40-d27d-a0de37505a16, NVIDIA A40, 580.95.05, 1255, 46068, 0, 21.37
2026/08/24 14:53:47.638, 0, GPU-06bb5356-4a6f-8c40-d27d-a0de37505a16, NVIDIA A40, 580.95.05, 1255, 46068, 0, 21.37
2026/08/24 14:53:47.838, 0, GPU-06bb5356-4a6f-8c40-d27d-a0de37505a16, NVIDIA A40, 580.95.05, 1255, 46068, 0, 21.37
2026/08/24 14:53:48.039, 0, GPU-06bb5356-4a6f-8c40-d27d-a0de37505a16, NVIDIA A40, 580.95.05, 1255, 46068, 0, 21.37
2026/08/24 14:53:48.239, 0, GPU-06bb5356-4a6f-8c40-d27d-a0de37505a16, NVIDIA A40, 580.95.05, 1255, 46068, 0, 21.37
2026/08/24 14:53:48.439, 0, GPU-06bb5356-4a6f-8c40-d27d-a0de37505a16, NVIDIA A40, 580.95.05, 1255, 46068, 0, 21.37
2026/08/24 14:53:48.640, 0, GPU-06bb5356-4a6f-8c40-d27d-a0de37505a16, NVIDIA A40, 580.95.05, 1255, 46068, 0, 21.37
2026/08/24 14:53:48.840, 0, GPU-06bb5356-4a6f-8c40-d27d-a0de37505a16, NVIDIA A40, 580.95.05, 1255, 46068, 0, 21.37
2026/08/24 14:53:49.040, 0, GPU-06bb5356-4a6f-8c40-d27d-a0de37505a16, NVIDIA A40, 580.95.05, 1255, 46068, 0, 21.37
2026/08/24 14:53:49.241, 0, GPU-06bb5356-4a6f-8c40-d27d-a0de37505a16, NVIDIA A40, 580.95.05, 1255, 46068, 0, 21.32
2026/08/24 14:53:49.441, 0, GPU-06bb5356-4a6f-8c40-d27d-a0de37505a16, NVIDIA A40, 580.95.05, 1255, 46068, 1, 23.00
2026/08/24 14:53:49.641, 0, GPU-06bb5356-4a6f-8c40-d27d-a0de37505a16, NVIDIA A40, 580.95.05, 1255, 46068, 0, 23.76
2026/08/24 14:53:49.842, 0, GPU-06bb5356-4a6f-8c40-d27d-a0de37505a16, NVIDIA A40, 580.95.05, 1255, 46068, 0, 24.34
2026/08/24 14:53:50.042, 0, GPU-06bb5356-4a6f-8c40-d27d-a0de37505a16, NVIDIA A40, 580.95.05, 1255, 46068, 0, 24.80
2026/08/24 14:53:50.242, 0, GPU-06bb5356-4a6f-8c40-d27d-a0de37505a16, NVIDIA A40, 580.95.05, 1255, 46068, 0, 28.74
2026/08/24 14:53:50.442, 0, GPU-06bb5356-4a6f-8c40-d27d-a0de37505a16, NVIDIA A40, 580.95.05, 1255, 46068, 0, 28.74
2026/08/24 14:53:50.643, 0, GPU-06bb5356-4a6f-8c40-d27d-a0de37505a16, NVIDIA A40, 580.95.05, 1255, 46068, 0, 28.74
2026/08/24 14:53:50.843, 0, GPU-06bb5356-4a6f-8c40-d27d-a0de37505a16, NVIDIA A40, 580.95.05, 1255, 46068, 0, 28.74
2026/08/24 14:53:51.043, 0, GPU-06bb5356-4a6f-8c40-d27d-a0de37505a16, NVIDIA A40, 580.95.05, 1255, 46068, 0, 28.74
2026/08/24 14:53:51.244, 0, GPU-06bb5356-4a6f-8c40-d27d-a0de37505a16, NVIDIA A40, 580.95.05, 1255, 46068, 0, 28.74
2026/08/24 14:53:51.444, 0, GPU-06bb5356-4a6f-8c40-d27d-a0de37505a16, NVIDIA A40, 580.95.05, 1255, 46068, 0, 22.13
2026/08/24 14:53:51.644, 0, GPU-06bb5356-4a6f-8c40-d27d-a0de37505a16, NVIDIA A40, 580.95.05, 1255, 46068, 0, 22.13
2026/08/24 14:53:51.845, 0, GPU-06bb5356-4a6f-8c40-d27d-a0de37505a16, NVIDIA A40, 580.95.05, 1255, 46068, 0, 22.13
2026/08/24 14:53:52.045, 0, GPU-06bb5356-4a6f-8c40-d27d-a0de37505a16, NVIDIA A40, 580.95.05, 1255, 46068, 0, 22.13
2026/08/24 14:53:52.245, 0, GPU-06bb5356-4a6f-8c40-d27d-a0de37505a16, NVIDIA A40, 580.95.05, 1255, 46068, 0, 22.13
2026/08/24 14:53:52.446, 0, GPU-06bb5356-4a6f-8c40-d27d-a0de37505a16, NVIDIA A40, 580.95.05, 1255, 46068, 0, 21.42
2026/08/24 14:53:52.646, 0, GPU-06bb5356-4a6f-8c40-d27d-a0de37505a16, NVIDIA A40, 580.95.05, 1255, 46068, 0, 21.42
2026/08/24 14:53:52.846, 0, GPU-06bb5356-4a6f-8c40-d27d-a0de37505a16, NVIDIA A40, 580.95.05, 1255, 46068, 0, 21.42
2026/08/24 14:53:53.046, 0, GPU-06bb5356-4a6f-8c40-d27d-a0de37505a16, NVIDIA A40, 580.95.05, 1255, 46068, 0, 21.42
2026/08/24 14:53:53.247, 0, GPU-06bb5356-4a6f-8c40-d27d-a0de37505a16, NVIDIA A40, 580.95.05, 1255, 46068, 0, 21.42
2026/08/24 14:53:53.447, 0, GPU-06bb5356-4a6f-8c40-d27d-a0de37505a16, NVIDIA A40, 580.95.05, 1255, 46068, 0, 21.32
2026/08/24 14:53:53.647, 0, GPU-06bb5356-4a6f-8c40-d27d-a0de37505a16, NVIDIA A40, 580.95.05, 1255, 46068, 0, 21.32
2026/08/24 14:53:53.848, 0, GPU-06bb5356-4a6f-8c40-d27d-a0de37505a16, NVIDIA A40, 580.95.05, 1255, 46068, 0, 21.32
2026/08/24 14:53:54.048, 0, GPU-06bb5356-4a6f-8c40-d27d-a0de37505a16, NVIDIA A40, 580.95.05, 1255, 46068, 0, 21.32
2026/08/24 14:53:54.248, 0, GPU-06bb5356-4a6f-8c40-d27d-a0de37505a16, NVIDIA A40, 580.95.05, 1255, 46068, 0, 21.32
2026/08/24 14:53:54.449, 0, GPU-06bb5356-4a6f-8c40-d27d-a0de37505a16, NVIDIA A40, 580.95.05, 1255, 46068, 0, 21.32
2026/08/24 14:53:54.649, 0, GPU-06bb5356-4a6f-8c40-d27d-a0de37505a16, NVIDIA A40, 580.95.05, 1255, 46068, 0, 21.32
2026/08/24 14:53:54.849, 0, GPU-06bb5356-4a6f-8c40-d27d-a0de37505a16, NVIDIA A40, 580.95.05, 1255, 46068, 0, 21.32
2026/08/24 14:53:55.050, 0, GPU-06bb5356-4a6f-8c40-d27d-a0de37505a16, NVIDIA A40, 580.95.05, 1255, 46068, 0, 21.32
2026/08/24 14:53:55.250, 0, GPU-06bb5356-4a6f-8c40-d27d-a0de37505a16, NVIDIA A40, 580.95.05, 1255, 46068, 0, 21.32
2026/08/24 14:53:55.450, 0, GPU-06bb5356-4a6f-8c40-d27d-a0de37505a16, NVIDIA A40, 580.95.05, 1255, 46068, 0, 21.42
2026/08/24 14:53:55.651, 0, GPU-06bb5356-4a6f-8c40-d27d-a0de37505a16, NVIDIA A40, 580.95.05, 1255, 46068, 0, 21.42
2026/08/24 14:53:55.851, 0, GPU-06bb5356-4a6f-8c40-d27d-a0de37505a16, NVIDIA A40, 580.95.05, 1255, 46068, 0, 21.42
2026/08/24 14:53:56.051, 0, GPU-06bb5356-4a6f-8c40-d27d-a0de37505a16, NVIDIA A40, 580.95.05, 1255, 46068, 0, 21.42
2026/08/24 14:53:56.252, 0, GPU-06bb5356-4a6f-8c40-d27d-a0de37505a16, NVIDIA A40, 580.95.05, 1255, 46068, 0, 21.42
2026/08/24 14:53:56.452, 0, GPU-06bb5356-4a6f-8c40-d27d-a0de37505a16, NVIDIA A40, 580.95.05, 1255, 46068, 0, 21.47
2026/08/24 14:53:56.652, 0, GPU-06bb5356-4a6f-8c40-d27d-a0de37505a16, NVIDIA A40, 580.95.05, 1255, 46068, 0, 22.81
2026/08/24 14:53:56.853, 0, GPU-06bb5356-4a6f-8c40-d27d-a0de37505a16, NVIDIA A40, 580.95.05, 1255, 46068, 0, 23.59
2026/08/24 14:53:57.053, 0, GPU-06bb5356-4a6f-8c40-d27d-a0de37505a16, NVIDIA A40, 580.95.05, 1255, 46068, 0, 24.19
2026/08/24 14:53:57.253, 0, GPU-06bb5356-4a6f-8c40-d27d-a0de37505a16, NVIDIA A40, 580.95.05, 1255, 46068, 0, 24.66
2026/08/24 14:53:57.454, 0, GPU-06bb5356-4a6f-8c40-d27d-a0de37505a16, NVIDIA A40, 580.95.05, 1255, 46068, 0, 28.31
2026/08/24 14:53:57.654, 0, GPU-06bb5356-4a6f-8c40-d27d-a0de37505a16, NVIDIA A40, 580.95.05, 1255, 46068, 0, 28.31
2026/08/24 14:53:57.854, 0, GPU-06bb5356-4a6f-8c40-d27d-a0de37505a16, NVIDIA A40, 580.95.05, 1255, 46068, 0, 28.31
2026/08/24 14:53:58.055, 0, GPU-06bb5356-4a6f-8c40-d27d-a0de37505a16, NVIDIA A40, 580.95.05, 1255, 46068, 0, 28.31
2026/08/24 14:53:58.255, 0, GPU-06bb5356-4a6f-8c40-d27d-a0de37505a16, NVIDIA A40, 580.95.05, 1255, 46068, 0, 28.31
2026/08/24 14:53:58.455, 0, GPU-06bb5356-4a6f-8c40-d27d-a0de37505a16, NVIDIA A40, 580.95.05, 1255, 46068, 0, 22.12
2026/08/24 14:53:58.656, 0, GPU-06bb5356-4a6f-8c40-d27d-a0de37505a16, NVIDIA A40, 580.95.05, 1255, 46068, 0, 22.12
2026/08/24 14:53:58.856, 0, GPU-06bb5356-4a6f-8c40-d27d-a0de37505a16, NVIDIA A40, 580.95.05, 1255, 46068, 0, 22.12
2026/08/24 14:53:59.056, 0, GPU-06bb5356-4a6f-8c40-d27d-a0de37505a16, NVIDIA A40, 580.95.05, 1255, 46068, 0, 22.12
2026/08/24 14:53:59.257, 0, GPU-06bb5356-4a6f-8c40-d27d-a0de37505a16, NVIDIA A40, 580.95.05, 1255, 46068, 0, 22.12
2026/08/24 14:53:59.457, 0, GPU-06bb5356-4a6f-8c40-d27d-a0de37505a16, NVIDIA A40, 580.95.05, 1255, 46068, 0, 21.42
2026/08/24 14:53:59.657, 0, GPU-06bb5356-4a6f-8c40-d27d-a0de37505a16, NVIDIA A40, 580.95.05, 1255, 46068, 0, 21.42
2026/08/24 14:53:59.857, 0, GPU-06bb5356-4a6f-8c40-d27d-a0de37505a16, NVIDIA A40, 580.95.05, 1255, 46068, 0, 21.42
2026/08/24 14:54:00.058, 0, GPU-06bb5356-4a6f-8c40-d27d-a0de37505a16, NVIDIA A40, 580.95.05, 1255, 46068, 0, 21.42
2026/08/24 14:54:00.258, 0, GPU-06bb5356-4a6f-8c40-d27d-a0de37505a16, NVIDIA A40, 580.95.05, 1255, 46068, 0, 21.42
2026/08/24 14:54:00.459, 0, GPU-06bb5356-4a6f-8c40-d27d-a0de37505a16, NVIDIA A40, 580.95.05, 1255, 46068, 16, 24.26
2026/08/24 14:54:00.659, 0, GPU-06bb5356-4a6f-8c40-d27d-a0de37505a16, NVIDIA A40, 580.95.05, 1255, 46068, 0, 27.41
2026/08/24 14:54:00.859, 0, GPU-06bb5356-4a6f-8c40-d27d-a0de37505a16, NVIDIA A40, 580.95.05, 1255, 46068, 0, 27.60
2026/08/24 14:54:01.059, 0, GPU-06bb5356-4a6f-8c40-d27d-a0de37505a16, NVIDIA A40, 580.95.05, 1255, 46068, 0, 27.73
2026/08/24 14:54:01.260, 0, GPU-06bb5356-4a6f-8c40-d27d-a0de37505a16, NVIDIA A40, 580.95.05, 1255, 46068, 0, 27.84
2026/08/24 14:54:01.460, 0, GPU-06bb5356-4a6f-8c40-d27d-a0de37505a16, NVIDIA A40, 580.95.05, 1255, 46068, 0, 28.75
2026/08/24 14:54:01.660, 0, GPU-06bb5356-4a6f-8c40-d27d-a0de37505a16, NVIDIA A40, 580.95.05, 1255, 46068, 0, 28.75
2026/08/24 14:54:01.861, 0, GPU-06bb5356-4a6f-8c40-d27d-a0de37505a16, NVIDIA A40, 580.95.05, 1255, 46068, 0, 28.75
2026/08/24 14:54:02.061, 0, GPU-06bb5356-4a6f-8c40-d27d-a0de37505a16, NVIDIA A40, 580.95.05, 1255, 46068, 0, 28.75
2026/08/24 14:54:02.261, 0, GPU-06bb5356-4a6f-8c40-d27d-a0de37505a16, NVIDIA A40, 580.95.05, 1255, 46068, 0, 28.75
2026/08/24 14:54:02.462, 0, GPU-06bb5356-4a6f-8c40-d27d-a0de37505a16, NVIDIA A40, 580.95.05, 1255, 46068, 0, 22.03
2026/08/24 14:54:02.662, 0, GPU-06bb5356-4a6f-8c40-d27d-a0de37505a16, NVIDIA A40, 580.95.05, 1255, 46068, 0, 22.03
2026/08/24 14:54:02.862, 0, GPU-06bb5356-4a6f-8c40-d27d-a0de37505a16, NVIDIA A40, 580.95.05, 1255, 46068, 0, 22.03
2026/08/24 14:54:03.063, 0, GPU-06bb5356-4a6f-8c40-d27d-a0de37505a16, NVIDIA A40, 580.95.05, 1255, 46068, 0, 22.03
2026/08/24 14:54:03.263, 0, GPU-06bb5356-4a6f-8c40-d27d-a0de37505a16, NVIDIA A40, 580.95.05, 1255, 46068, 0, 22.03
2026/08/24 14:54:03.463, 0, GPU-06bb5356-4a6f-8c40-d27d-a0de37505a16, NVIDIA A40, 580.95.05, 1255, 46068, 0, 21.37
2026/08/24 14:54:03.664, 0, GPU-06bb5356-4a6f-8c40-d27d-a0de37505a16, NVIDIA A40, 580.95.05, 1255, 46068, 0, 22.66
2026/08/24 14:54:03.864, 0, GPU-06bb5356-4a6f-8c40-d27d-a0de37505a16, NVIDIA A40, 580.95.05, 1255, 46068, 0, 23.27
2026/08/24 14:54:04.064, 0, GPU-06bb5356-4a6f-8c40-d27d-a0de37505a16, NVIDIA A40, 580.95.05, 1255, 46068, 0, 23.92
2026/08/24 14:54:04.265, 0, GPU-06bb5356-4a6f-8c40-d27d-a0de37505a16, NVIDIA A40, 580.95.05, 1255, 46068, 0, 24.42
2026/08/24 14:54:04.465, 0, GPU-06bb5356-4a6f-8c40-d27d-a0de37505a16, NVIDIA A40, 580.95.05, 1255, 46068, 0, 27.99
2026/08/24 14:54:04.665, 0, GPU-06bb5356-4a6f-8c40-d27d-a0de37505a16, NVIDIA A40, 580.95.05, 1255, 46068, 0, 28.10
2026/08/24 14:54:04.866, 0, GPU-06bb5356-4a6f-8c40-d27d-a0de37505a16, NVIDIA A40, 580.95.05, 1255, 46068, 0, 28.10
2026/08/24 14:54:05.066, 0, GPU-06bb5356-4a6f-8c40-d27d-a0de37505a16, NVIDIA A40, 580.95.05, 1255, 46068, 0, 28.10
2026/08/24 14:54:05.266, 0, GPU-06bb5356-4a6f-8c40-d27d-a0de37505a16, NVIDIA A40, 580.95.05, 1255, 46068, 0, 28.10
2026/08/24 14:54:05.467, 0, GPU-06bb5356-4a6f-8c40-d27d-a0de37505a16, NVIDIA A40, 580.95.05, 1255, 46068, 0, 28.10
2026/08/24 14:54:05.667, 0, GPU-06bb5356-4a6f-8c40-d27d-a0de37505a16, NVIDIA A40, 580.95.05, 1255, 46068, 0, 22.03
2026/08/24 14:54:05.867, 0, GPU-06bb5356-4a6f-8c40-d27d-a0de37505a16, NVIDIA A40, 580.95.05, 1255, 46068, 0, 22.03
2026/08/24 14:54:06.067, 0, GPU-06bb5356-4a6f-8c40-d27d-a0de37505a16, NVIDIA A40, 580.95.05, 1255, 46068, 0, 22.03
2026/08/24 14:54:06.267, 0, GPU-06bb5356-4a6f-8c40-d27d-a0de37505a16, NVIDIA A40, 580.95.05, 1255, 46068, 0, 22.03
2026/08/24 14:54:06.467, 0, GPU-06bb5356-4a6f-8c40-d27d-a0de37505a16, NVIDIA A40, 580.95.05, 1255, 46068, 0, 22.03
2026/08/24 14:54:06.668, 0, GPU-06bb5356-4a6f-8c40-d27d-a0de37505a16, NVIDIA A40, 580.95.05, 1255, 46068, 0, 21.37
2026/08/24 14:54:06.868, 0, GPU-06bb5356-4a6f-8c40-d27d-a0de37505a16, NVIDIA A40, 580.95.05, 1255, 46068, 0, 21.37
2026/08/24 14:54:07.068, 0, GPU-06bb5356-4a6f-8c40-d27d-a0de37505a16, NVIDIA A40, 580.95.05, 1255, 46068, 0, 21.37
2026/08/24 14:54:07.268, 0, GPU-06bb5356-4a6f-8c40-d27d-a0de37505a16, NVIDIA A40, 580.95.05, 1255, 46068, 0, 21.37
2026/08/24 14:54:07.468, 0, GPU-06bb5356-4a6f-8c40-d27d-a0de37505a16, NVIDIA A40, 580.95.05, 1255, 46068, 0, 21.37
2026/08/24 14:54:07.669, 0, GPU-06bb5356-4a6f-8c40-d27d-a0de37505a16, NVIDIA A40, 580.95.05, 1255, 46068, 0, 21.37
2026/08/24 14:54:07.869, 0, GPU-06bb5356-4a6f-8c40-d27d-a0de37505a16, NVIDIA A40, 580.95.05, 1255, 46068, 0, 21.37
2026/08/24 14:54:08.069, 0, GPU-06bb5356-4a6f-8c40-d27d-a0de37505a16, NVIDIA A40, 580.95.05, 1255, 46068, 0, 21.37
2026/08/24 14:54:08.269, 0, GPU-06bb5356-4a6f-8c40-d27d-a0de37505a16, NVIDIA A40, 580.95.05, 1255, 46068, 0, 21.37
2026/08/24 14:54:08.469, 0, GPU-06bb5356-4a6f-8c40-d27d-a0de37505a16, NVIDIA A40, 580.95.05, 1255, 46068, 0, 21.37
2026/08/24 14:54:08.670, 0, GPU-06bb5356-4a6f-8c40-d27d-a0de37505a16, NVIDIA A40, 580.95.05, 1255, 46068, 0, 21.32
2026/08/24 14:54:08.870, 0, GPU-06bb5356-4a6f-8c40-d27d-a0de37505a16, NVIDIA A40, 580.95.05, 1255, 46068, 0, 21.32
2026/08/24 14:54:09.070, 0, GPU-06bb5356-4a6f-8c40-d27d-a0de37505a16, NVIDIA A40, 580.95.05, 1255, 46068, 0, 21.32
2026/08/24 14:54:09.270, 0, GPU-06bb5356-4a6f-8c40-d27d-a0de37505a16, NVIDIA A40, 580.95.05, 1255, 46068, 0, 21.32
2026/08/24 14:54:09.470, 0, GPU-06bb5356-4a6f-8c40-d27d-a0de37505a16, NVIDIA A40, 580.95.05, 1255, 46068, 0, 21.32
2026/08/24 14:54:09.671, 0, GPU-06bb5356-4a6f-8c40-d27d-a0de37505a16, NVIDIA A40, 580.95.05, 1255, 46068, 0, 21.37
2026/08/24 14:54:09.871, 0, GPU-06bb5356-4a6f-8c40-d27d-a0de37505a16, NVIDIA A40, 580.95.05, 1255, 46068, 0, 21.37
2026/08/24 14:54:10.071, 0, GPU-06bb5356-4a6f-8c40-d27d-a0de37505a16, NVIDIA A40, 580.95.05, 1255, 46068, 0, 21.37
2026/08/24 14:54:10.271, 0, GPU-06bb5356-4a6f-8c40-d27d-a0de37505a16, NVIDIA A40, 580.95.05, 1255, 46068, 0, 21.37
2026/08/24 14:54:10.471, 0, GPU-06bb5356-4a6f-8c40-d27d-a0de37505a16, NVIDIA A40, 580.95.05, 1255, 46068, 0, 21.37
2026/08/24 14:54:10.671, 0, GPU-06bb5356-4a6f-8c40-d27d-a0de37505a16, NVIDIA A40, 580.95.05, 1255, 46068, 0, 21.42
2026/08/24 14:54:10.872, 0, GPU-06bb5356-4a6f-8c40-d27d-a0de37505a16, NVIDIA A40, 580.95.05, 1255, 46068, 0, 23.06
2026/08/24 14:54:11.072, 0, GPU-06bb5356-4a6f-8c40-d27d-a0de37505a16, NVIDIA A40, 580.95.05, 1255, 46068, 0, 23.81
2026/08/24 14:54:11.272, 0, GPU-06bb5356-4a6f-8c40-d27d-a0de37505a16, NVIDIA A40, 580.95.05, 1255, 46068, 0, 24.38
2026/08/24 14:54:11.472, 0, GPU-06bb5356-4a6f-8c40-d27d-a0de37505a16, NVIDIA A40, 580.95.05, 1255, 46068, 0, 24.85
2026/08/24 14:54:11.672, 0, GPU-06bb5356-4a6f-8c40-d27d-a0de37505a16, NVIDIA A40, 580.95.05, 1255, 46068, 0, 28.71
2026/08/24 14:54:11.873, 0, GPU-06bb5356-4a6f-8c40-d27d-a0de37505a16, NVIDIA A40, 580.95.05, 1255, 46068, 0, 28.70
2026/08/24 14:54:12.073, 0, GPU-06bb5356-4a6f-8c40-d27d-a0de37505a16, NVIDIA A40, 580.95.05, 1255, 46068, 0, 28.70
2026/08/24 14:54:12.273, 0, GPU-06bb5356-4a6f-8c40-d27d-a0de37505a16, NVIDIA A40, 580.95.05, 1255, 46068, 0, 28.70
2026/08/24 14:54:12.473, 0, GPU-06bb5356-4a6f-8c40-d27d-a0de37505a16, NVIDIA A40, 580.95.05, 1255, 46068, 0, 28.70
2026/08/24 14:54:12.674, 0, GPU-06bb5356-4a6f-8c40-d27d-a0de37505a16, NVIDIA A40, 580.95.05, 1255, 46068, 0, 28.70
2026/08/24 14:54:12.874, 0, GPU-06bb5356-4a6f-8c40-d27d-a0de37505a16, NVIDIA A40, 580.95.05, 1255, 46068, 0, 22.65
2026/08/24 14:54:13.074, 0, GPU-06bb5356-4a6f-8c40-d27d-a0de37505a16, NVIDIA A40, 580.95.05, 1255, 46068, 0, 22.65
2026/08/24 14:54:13.274, 0, GPU-06bb5356-4a6f-8c40-d27d-a0de37505a16, NVIDIA A40, 580.95.05, 1255, 46068, 0, 22.65
2026/08/24 14:54:13.475, 0, GPU-06bb5356-4a6f-8c40-d27d-a0de37505a16, NVIDIA A40, 580.95.05, 1255, 46068, 0, 22.65
2026/08/24 14:54:13.675, 0, GPU-06bb5356-4a6f-8c40-d27d-a0de37505a16, NVIDIA A40, 580.95.05, 1255, 46068, 0, 22.65
2026/08/24 14:54:13.875, 0, GPU-06bb5356-4a6f-8c40-d27d-a0de37505a16, NVIDIA A40, 580.95.05, 1255, 46068, 0, 22.00
2026/08/24 14:54:14.076, 0, GPU-06bb5356-4a6f-8c40-d27d-a0de37505a16, NVIDIA A40, 580.95.05, 1255, 46068, 0, 22.00
2026/08/24 14:54:14.276, 0, GPU-06bb5356-4a6f-8c40-d27d-a0de37505a16, NVIDIA A40, 580.95.05, 1255, 46068, 0, 22.00
2026/08/24 14:54:14.476, 0, GPU-06bb5356-4a6f-8c40-d27d-a0de37505a16, NVIDIA A40, 580.95.05, 1255, 46068, 0, 22.00
2026/08/24 14:54:14.676, 0, GPU-06bb5356-4a6f-8c40-d27d-a0de37505a16, NVIDIA A40, 580.95.05, 1255, 46068, 0, 22.00
2026/08/24 14:54:14.877, 0, GPU-06bb5356-4a6f-8c40-d27d-a0de37505a16, NVIDIA A40, 580.95.05, 1255, 46068, 0, 21.71
2026/08/24 14:54:15.077, 0, GPU-06bb5356-4a6f-8c40-d27d-a0de37505a16, NVIDIA A40, 580.95.05, 1255, 46068, 0, 21.71
2026/08/24 14:54:15.277, 0, GPU-06bb5356-4a6f-8c40-d27d-a0de37505a16, NVIDIA A40, 580.95.05, 1255, 46068, 0, 21.71
2026/08/24 14:54:15.477, 0, GPU-06bb5356-4a6f-8c40-d27d-a0de37505a16, NVIDIA A40, 580.95.05, 1255, 46068, 0, 21.71
2026/08/24 14:54:15.678, 0, GPU-06bb5356-4a6f-8c40-d27d-a0de37505a16, NVIDIA A40, 580.95.05, 1255, 46068, 0, 21.71
2026/08/24 14:54:15.878, 0, GPU-06bb5356-4a6f-8c40-d27d-a0de37505a16, NVIDIA A40, 580.95.05, 1255, 46068, 0, 21.42
2026/08/24 14:54:16.078, 0, GPU-06bb5356-4a6f-8c40-d27d-a0de37505a16, NVIDIA A40, 580.95.05, 1255, 46068, 0, 21.42
2026/08/24 14:54:16.278, 0, GPU-06bb5356-4a6f-8c40-d27d-a0de37505a16, NVIDIA A40, 580.95.05, 1255, 46068, 0, 21.42
2026/08/24 14:54:16.479, 0, GPU-06bb5356-4a6f-8c40-d27d-a0de37505a16, NVIDIA A40, 580.95.05, 1255, 46068, 0, 21.42
2026/08/24 14:54:16.679, 0, GPU-06bb5356-4a6f-8c40-d27d-a0de37505a16, NVIDIA A40, 580.95.05, 1255, 46068, 0, 21.42
2026/08/24 14:54:16.879, 0, GPU-06bb5356-4a6f-8c40-d27d-a0de37505a16, NVIDIA A40, 580.95.05, 1255, 46068, 0, 21.71
2026/08/24 14:54:17.079, 0, GPU-06bb5356-4a6f-8c40-d27d-a0de37505a16, NVIDIA A40, 580.95.05, 1255, 46068, 0, 21.71
2026/08/24 14:54:17.280, 0, GPU-06bb5356-4a6f-8c40-d27d-a0de37505a16, NVIDIA A40, 580.95.05, 1255, 46068, 0, 21.71
2026/08/24 14:54:17.480, 0, GPU-06bb5356-4a6f-8c40-d27d-a0de37505a16, NVIDIA A40, 580.95.05, 1255, 46068, 0, 21.71
2026/08/24 14:54:17.680, 0, GPU-06bb5356-4a6f-8c40-d27d-a0de37505a16, NVIDIA A40, 580.95.05, 1255, 46068, 0, 21.71
2026/08/24 14:54:17.880, 0, GPU-06bb5356-4a6f-8c40-d27d-a0de37505a16, NVIDIA A40, 580.95.05, 1255, 46068, 0, 22.00
2026/08/24 14:54:18.081, 0, GPU-06bb5356-4a6f-8c40-d27d-a0de37505a16, NVIDIA A40, 580.95.05, 1255, 46068, 0, 23.62
2026/08/24 14:54:18.281, 0, GPU-06bb5356-4a6f-8c40-d27d-a0de37505a16, NVIDIA A40, 580.95.05, 1255, 46068, 0, 24.30
2026/08/24 14:54:18.481, 0, GPU-06bb5356-4a6f-8c40-d27d-a0de37505a16, NVIDIA A40, 580.95.05, 1255, 46068, 0, 24.82
2026/08/24 14:54:18.682, 0, GPU-06bb5356-4a6f-8c40-d27d-a0de37505a16, NVIDIA A40, 580.95.05, 1255, 46068, 0, 25.24
2026/08/24 14:54:18.882, 0, GPU-06bb5356-4a6f-8c40-d27d-a0de37505a16, NVIDIA A40, 580.95.05, 1255, 46068, 0, 28.85
2026/08/24 14:54:19.082, 0, GPU-06bb5356-4a6f-8c40-d27d-a0de37505a16, NVIDIA A40, 580.95.05, 1255, 46068, 0, 28.85
2026/08/24 14:54:19.282, 0, GPU-06bb5356-4a6f-8c40-d27d-a0de37505a16, NVIDIA A40, 580.95.05, 1255, 46068, 0, 28.85
2026/08/24 14:54:19.483, 0, GPU-06bb5356-4a6f-8c40-d27d-a0de37505a16, NVIDIA A40, 580.95.05, 1255, 46068, 0, 28.85
2026/08/24 14:54:19.683, 0, GPU-06bb5356-4a6f-8c40-d27d-a0de37505a16, NVIDIA A40, 580.95.05, 1255, 46068, 0, 28.85
2026/08/24 14:54:19.883, 0, GPU-06bb5356-4a6f-8c40-d27d-a0de37505a16, NVIDIA A40, 580.95.05, 1255, 46068, 0, 28.85
2026/08/24 14:54:20.083, 0, GPU-06bb5356-4a6f-8c40-d27d-a0de37505a16, NVIDIA A40, 580.95.05, 1255, 46068, 0, 22.66
2026/08/24 14:54:20.284, 0, GPU-06bb5356-4a6f-8c40-d27d-a0de37505a16, NVIDIA A40, 580.95.05, 1255, 46068, 0, 22.66
2026/08/24 14:54:20.484, 0, GPU-06bb5356-4a6f-8c40-d27d-a0de37505a16, NVIDIA A40, 580.95.05, 1255, 46068, 0, 22.66
2026/08/24 14:54:20.684, 0, GPU-06bb5356-4a6f-8c40-d27d-a0de37505a16, NVIDIA A40, 580.95.05, 1255, 46068, 0, 22.66
2026/08/24 14:54:20.884, 0, GPU-06bb5356-4a6f-8c40-d27d-a0de37505a16, NVIDIA A40, 580.95.05, 1255, 46068, 0, 22.66
2026/08/24 14:54:21.085, 0, GPU-06bb5356-4a6f-8c40-d27d-a0de37505a16, NVIDIA A40, 580.95.05, 1255, 46068, 0, 21.95
2026/08/24 14:54:21.285, 0, GPU-06bb5356-4a6f-8c40-d27d-a0de37505a16, NVIDIA A40, 580.95.05, 1255, 46068, 0, 21.95
2026/08/24 14:54:21.485, 0, GPU-06bb5356-4a6f-8c40-d27d-a0de37505a16, NVIDIA A40, 580.95.05, 1255, 46068, 0, 21.95
2026/08/24 14:54:21.686, 0, GPU-06bb5356-4a6f-8c40-d27d-a0de37505a16, NVIDIA A40, 580.95.05, 1255, 46068, 0, 21.95
2026/08/24 14:54:21.886, 0, GPU-06bb5356-4a6f-8c40-d27d-a0de37505a16, NVIDIA A40, 580.95.05, 1255, 46068, 0, 21.95
2026/08/24 14:54:22.086, 0, GPU-06bb5356-4a6f-8c40-d27d-a0de37505a16, NVIDIA A40, 580.95.05, 1255, 46068, 0, 21.61
2026/08/24 14:54:22.286, 0, GPU-06bb5356-4a6f-8c40-d27d-a0de37505a16, NVIDIA A40, 580.95.05, 1255, 46068, 0, 21.61
2026/08/24 14:54:22.487, 0, GPU-06bb5356-4a6f-8c40-d27d-a0de37505a16, NVIDIA A40, 580.95.05, 1255, 46068, 0, 21.61
2026/08/24 14:54:22.687, 0, GPU-06bb5356-4a6f-8c40-d27d-a0de37505a16, NVIDIA A40, 580.95.05, 1255, 46068, 0, 21.61
2026/08/24 14:54:22.887, 0, GPU-06bb5356-4a6f-8c40-d27d-a0de37505a16, NVIDIA A40, 580.95.05, 1255, 46068, 0, 21.61
2026/08/24 14:54:23.087, 0, GPU-06bb5356-4a6f-8c40-d27d-a0de37505a16, NVIDIA A40, 580.95.05, 1255, 46068, 0, 21.66
2026/08/24 14:54:23.288, 0, GPU-06bb5356-4a6f-8c40-d27d-a0de37505a16, NVIDIA A40, 580.95.05, 1255, 46068, 0, 21.66
2026/08/24 14:54:23.488, 0, GPU-06bb5356-4a6f-8c40-d27d-a0de37505a16, NVIDIA A40, 580.95.05, 1255, 46068, 0, 21.66
2026/08/24 14:54:23.688, 0, GPU-06bb5356-4a6f-8c40-d27d-a0de37505a16, NVIDIA A40, 580.95.05, 1255, 46068, 0, 21.66
2026/08/24 14:54:23.888, 0, GPU-06bb5356-4a6f-8c40-d27d-a0de37505a16, NVIDIA A40, 580.95.05, 1255, 46068, 0, 21.66
2026/08/24 14:54:24.089, 0, GPU-06bb5356-4a6f-8c40-d27d-a0de37505a16, NVIDIA A40, 580.95.05, 1255, 46068, 0, 21.71
2026/08/24 14:54:24.289, 0, GPU-06bb5356-4a6f-8c40-d27d-a0de37505a16, NVIDIA A40, 580.95.05, 1255, 46068, 0, 21.71
2026/08/24 14:54:24.489, 0, GPU-06bb5356-4a6f-8c40-d27d-a0de37505a16, NVIDIA A40, 580.95.05, 1255, 46068, 0, 21.71
2026/08/24 14:54:24.689, 0, GPU-06bb5356-4a6f-8c40-d27d-a0de37505a16, NVIDIA A40, 580.95.05, 1255, 46068, 0, 21.71
2026/08/24 14:54:24.890, 0, GPU-06bb5356-4a6f-8c40-d27d-a0de37505a16, NVIDIA A40, 580.95.05, 1255, 46068, 0, 21.71
2026/08/24 14:54:25.090, 0, GPU-06bb5356-4a6f-8c40-d27d-a0de37505a16, NVIDIA A40, 580.95.05, 1255, 46068, 0, 21.71
2026/08/24 14:54:25.290, 0, GPU-06bb5356-4a6f-8c40-d27d-a0de37505a16, NVIDIA A40, 580.95.05, 1255, 46068, 0, 23.49
2026/08/24 14:54:25.491, 0, GPU-06bb5356-4a6f-8c40-d27d-a0de37505a16, NVIDIA A40, 580.95.05, 1255, 46068, 0, 24.18
2026/08/24 14:54:25.691, 0, GPU-06bb5356-4a6f-8c40-d27d-a0de37505a16, NVIDIA A40, 580.95.05, 1255, 46068, 0, 24.73
2026/08/24 14:54:25.891, 0, GPU-06bb5356-4a6f-8c40-d27d-a0de37505a16, NVIDIA A40, 580.95.05, 1255, 46068, 0, 25.14
2026/08/24 14:54:26.091, 0, GPU-06bb5356-4a6f-8c40-d27d-a0de37505a16, NVIDIA A40, 580.95.05, 1255, 46068, 0, 28.69
2026/08/24 14:54:26.292, 0, GPU-06bb5356-4a6f-8c40-d27d-a0de37505a16, NVIDIA A40, 580.95.05, 1255, 46068, 0, 28.69
2026/08/24 14:54:26.492, 0, GPU-06bb5356-4a6f-8c40-d27d-a0de37505a16, NVIDIA A40, 580.95.05, 1255, 46068, 0, 28.69
2026/08/24 14:54:26.692, 0, GPU-06bb5356-4a6f-8c40-d27d-a0de37505a16, NVIDIA A40, 580.95.05, 1255, 46068, 0, 28.69
2026/08/24 14:54:26.892, 0, GPU-06bb5356-4a6f-8c40-d27d-a0de37505a16, NVIDIA A40, 580.95.05, 1255, 46068, 0, 28.69
2026/08/24 14:54:27.093, 0, GPU-06bb5356-4a6f-8c40-d27d-a0de37505a16, NVIDIA A40, 580.95.05, 1255, 46068, 0, 22.04
2026/08/24 14:54:27.293, 0, GPU-06bb5356-4a6f-8c40-d27d-a0de37505a16, NVIDIA A40, 580.95.05, 1255, 46068, 0, 22.04
2026/08/24 14:54:27.493, 0, GPU-06bb5356-4a6f-8c40-d27d-a0de37505a16, NVIDIA A40, 580.95.05, 1255, 46068, 0, 22.04
2026/08/24 14:54:27.693, 0, GPU-06bb5356-4a6f-8c40-d27d-a0de37505a16, NVIDIA A40, 580.95.05, 1255, 46068, 0, 22.04
2026/08/24 14:54:27.894, 0, GPU-06bb5356-4a6f-8c40-d27d-a0de37505a16, NVIDIA A40, 580.95.05, 1255, 46068, 0, 22.04
2026/08/24 14:54:28.094, 0, GPU-06bb5356-4a6f-8c40-d27d-a0de37505a16, NVIDIA A40, 580.95.05, 1255, 46068, 0, 21.37
2026/08/24 14:54:28.294, 0, GPU-06bb5356-4a6f-8c40-d27d-a0de37505a16, NVIDIA A40, 580.95.05, 1255, 46068, 0, 21.37
2026/08/24 14:54:28.495, 0, GPU-06bb5356-4a6f-8c40-d27d-a0de37505a16, NVIDIA A40, 580.95.05, 1255, 46068, 0, 21.37
2026/08/24 14:54:28.695, 0, GPU-06bb5356-4a6f-8c40-d27d-a0de37505a16, NVIDIA A40, 580.95.05, 1255, 46068, 0, 21.37
2026/08/24 14:54:28.895, 0, GPU-06bb5356-4a6f-8c40-d27d-a0de37505a16, NVIDIA A40, 580.95.05, 1255, 46068, 0, 21.37
2026/08/24 14:54:29.095, 0, GPU-06bb5356-4a6f-8c40-d27d-a0de37505a16, NVIDIA A40, 580.95.05, 1255, 46068, 0, 21.37
2026/08/24 14:54:29.296, 0, GPU-06bb5356-4a6f-8c40-d27d-a0de37505a16, NVIDIA A40, 580.95.05, 1255, 46068, 0, 21.37
2026/08/24 14:54:29.496, 0, GPU-06bb5356-4a6f-8c40-d27d-a0de37505a16, NVIDIA A40, 580.95.05, 1255, 46068, 0, 21.37
2026/08/24 14:54:29.696, 0, GPU-06bb5356-4a6f-8c40-d27d-a0de37505a16, NVIDIA A40, 580.95.05, 1255, 46068, 0, 21.37
2026/08/24 14:54:29.896, 0, GPU-06bb5356-4a6f-8c40-d27d-a0de37505a16, NVIDIA A40, 580.95.05, 1255, 46068, 0, 21.37
2026/08/24 14:54:30.097, 0, GPU-06bb5356-4a6f-8c40-d27d-a0de37505a16, NVIDIA A40, 580.95.05, 1255, 46068, 0, 21.32
2026/08/24 14:54:30.297, 0, GPU-06bb5356-4a6f-8c40-d27d-a0de37505a16, NVIDIA A40, 580.95.05, 1255, 46068, 0, 21.32
2026/08/24 14:54:30.497, 0, GPU-06bb5356-4a6f-8c40-d27d-a0de37505a16, NVIDIA A40, 580.95.05, 1255, 46068, 0, 21.32
2026/08/24 14:54:30.697, 0, GPU-06bb5356-4a6f-8c40-d27d-a0de37505a16, NVIDIA A40, 580.95.05, 1255, 46068, 0, 21.32
2026/08/24 14:54:30.898, 0, GPU-06bb5356-4a6f-8c40-d27d-a0de37505a16, NVIDIA A40, 580.95.05, 1255, 46068, 0, 21.32
2026/08/24 14:54:31.098, 0, GPU-06bb5356-4a6f-8c40-d27d-a0de37505a16, NVIDIA A40, 580.95.05, 1255, 46068, 0, 21.37
2026/08/24 14:54:31.298, 0, GPU-06bb5356-4a6f-8c40-d27d-a0de37505a16, NVIDIA A40, 580.95.05, 1255, 46068, 0, 21.37
2026/08/24 14:54:31.498, 0, GPU-06bb5356-4a6f-8c40-d27d-a0de37505a16, NVIDIA A40, 580.95.05, 1255, 46068, 0, 21.37
2026/08/24 14:54:31.699, 0, GPU-06bb5356-4a6f-8c40-d27d-a0de37505a16, NVIDIA A40, 580.95.05, 1255, 46068, 0, 21.37
2026/08/24 14:54:31.899, 0, GPU-06bb5356-4a6f-8c40-d27d-a0de37505a16, NVIDIA A40, 580.95.05, 1255, 46068, 0, 21.37
2026/08/24 14:54:32.099, 0, GPU-06bb5356-4a6f-8c40-d27d-a0de37505a16, NVIDIA A40, 580.95.05, 1255, 46068, 0, 21.42
2026/08/24 14:54:32.300, 0, GPU-06bb5356-4a6f-8c40-d27d-a0de37505a16, NVIDIA A40, 580.95.05, 1255, 46068, 0, 21.42
2026/08/24 14:54:32.500, 0, GPU-06bb5356-4a6f-8c40-d27d-a0de37505a16, NVIDIA A40, 580.95.05, 1255, 46068, 0, 23.55
2026/08/24 14:54:32.700, 0, GPU-06bb5356-4a6f-8c40-d27d-a0de37505a16, NVIDIA A40, 580.95.05, 1255, 46068, 0, 24.19
2026/08/24 14:54:32.900, 0, GPU-06bb5356-4a6f-8c40-d27d-a0de37505a16, NVIDIA A40, 580.95.05, 1255, 46068, 0, 24.70
2026/08/24 14:54:33.101, 0, GPU-06bb5356-4a6f-8c40-d27d-a0de37505a16, NVIDIA A40, 580.95.05, 1255, 46068, 0, 25.10
2026/08/24 14:54:33.301, 0, GPU-06bb5356-4a6f-8c40-d27d-a0de37505a16, NVIDIA A40, 580.95.05, 1255, 46068, 0, 28.81
2026/08/24 14:54:33.501, 0, GPU-06bb5356-4a6f-8c40-d27d-a0de37505a16, NVIDIA A40, 580.95.05, 1255, 46068, 0, 28.81
2026/08/24 14:54:33.701, 0, GPU-06bb5356-4a6f-8c40-d27d-a0de37505a16, NVIDIA A40, 580.95.05, 1255, 46068, 0, 28.81
2026/08/24 14:54:33.902, 0, GPU-06bb5356-4a6f-8c40-d27d-a0de37505a16, NVIDIA A40, 580.95.05, 1255, 46068, 0, 28.81
2026/08/24 14:54:34.102, 0, GPU-06bb5356-4a6f-8c40-d27d-a0de37505a16, NVIDIA A40, 580.95.05, 1255, 46068, 0, 28.81
2026/08/24 14:54:34.302, 0, GPU-06bb5356-4a6f-8c40-d27d-a0de37505a16, NVIDIA A40, 580.95.05, 1255, 46068, 0, 22.47
2026/08/24 14:54:34.502, 0, GPU-06bb5356-4a6f-8c40-d27d-a0de37505a16, NVIDIA A40, 580.95.05, 1255, 46068, 0, 22.47
2026/08/24 14:54:34.703, 0, GPU-06bb5356-4a6f-8c40-d27d-a0de37505a16, NVIDIA A40, 580.95.05, 1255, 46068, 0, 22.47
2026/08/24 14:54:34.903, 0, GPU-06bb5356-4a6f-8c40-d27d-a0de37505a16, NVIDIA A40, 580.95.05, 1255, 46068, 0, 22.47
2026/08/24 14:54:35.103, 0, GPU-06bb5356-4a6f-8c40-d27d-a0de37505a16, NVIDIA A40, 580.95.05, 1255, 46068, 0, 22.47
2026/08/24 14:54:35.303, 0, GPU-06bb5356-4a6f-8c40-d27d-a0de37505a16, NVIDIA A40, 580.95.05, 1255, 46068, 0, 21.61
2026/08/24 14:54:35.504, 0, GPU-06bb5356-4a6f-8c40-d27d-a0de37505a16, NVIDIA A40, 580.95.05, 1255, 46068, 0, 21.61
2026/08/24 14:54:35.704, 0, GPU-06bb5356-4a6f-8c40-d27d-a0de37505a16, NVIDIA A40, 580.95.05, 1255, 46068, 0, 21.61
2026/08/24 14:54:35.904, 0, GPU-06bb5356-4a6f-8c40-d27d-a0de37505a16, NVIDIA A40, 580.95.05, 1255, 46068, 0, 21.61
2026/08/24 14:54:36.105, 0, GPU-06bb5356-4a6f-8c40-d27d-a0de37505a16, NVIDIA A40, 580.95.05, 1255, 46068, 0, 21.61
2026/08/24 14:54:36.305, 0, GPU-06bb5356-4a6f-8c40-d27d-a0de37505a16, NVIDIA A40, 580.95.05, 1255, 46068, 0, 21.32
2026/08/24 14:54:36.505, 0, GPU-06bb5356-4a6f-8c40-d27d-a0de37505a16, NVIDIA A40, 580.95.05, 1255, 46068, 0, 21.32
2026/08/24 14:54:36.705, 0, GPU-06bb5356-4a6f-8c40-d27d-a0de37505a16, NVIDIA A40, 580.95.05, 1255, 46068, 0, 21.32
2026/08/24 14:54:36.906, 0, GPU-06bb5356-4a6f-8c40-d27d-a0de37505a16, NVIDIA A40, 580.95.05, 1255, 46068, 0, 21.32
2026/08/24 14:54:37.106, 0, GPU-06bb5356-4a6f-8c40-d27d-a0de37505a16, NVIDIA A40, 580.95.05, 1255, 46068, 0, 21.32
2026/08/24 14:54:37.306, 0, GPU-06bb5356-4a6f-8c40-d27d-a0de37505a16, NVIDIA A40, 580.95.05, 1255, 46068, 0, 27.89
2026/08/24 14:54:37.506, 0, GPU-06bb5356-4a6f-8c40-d27d-a0de37505a16, NVIDIA A40, 580.95.05, 1255, 46068, 0, 27.89
2026/08/24 14:54:37.707, 0, GPU-06bb5356-4a6f-8c40-d27d-a0de37505a16, NVIDIA A40, 580.95.05, 1255, 46068, 0, 27.89
2026/08/24 14:54:37.907, 0, GPU-06bb5356-4a6f-8c40-d27d-a0de37505a16, NVIDIA A40, 580.95.05, 1255, 46068, 0, 27.89
2026/08/24 14:54:38.107, 0, GPU-06bb5356-4a6f-8c40-d27d-a0de37505a16, NVIDIA A40, 580.95.05, 1255, 46068, 0, 27.89
2026/08/24 14:54:38.307, 0, GPU-06bb5356-4a6f-8c40-d27d-a0de37505a16, NVIDIA A40, 580.95.05, 1255, 46068, 0, 24.63
2026/08/24 14:54:38.508, 0, GPU-06bb5356-4a6f-8c40-d27d-a0de37505a16, NVIDIA A40, 580.95.05, 1255, 46068, 0, 24.63
2026/08/24 14:54:38.708, 0, GPU-06bb5356-4a6f-8c40-d27d-a0de37505a16, NVIDIA A40, 580.95.05, 1255, 46068, 0, 24.63
2026/08/24 14:54:38.908, 0, GPU-06bb5356-4a6f-8c40-d27d-a0de37505a16, NVIDIA A40, 580.95.05, 1255, 46068, 0, 24.63
2026/08/24 14:54:39.109, 0, GPU-06bb5356-4a6f-8c40-d27d-a0de37505a16, NVIDIA A40, 580.95.05, 1255, 46068, 0, 24.63
2026/08/24 14:54:39.309, 0, GPU-06bb5356-4a6f-8c40-d27d-a0de37505a16, NVIDIA A40, 580.95.05, 1255, 46068, 0, 21.42
2026/08/24 14:54:39.509, 0, GPU-06bb5356-4a6f-8c40-d27d-a0de37505a16, NVIDIA A40, 580.95.05, 1255, 46068, 0, 21.42
2026/08/24 14:54:39.709, 0, GPU-06bb5356-4a6f-8c40-d27d-a0de37505a16, NVIDIA A40, 580.95.05, 1255, 46068, 0, 23.57
2026/08/24 14:54:39.910, 0, GPU-06bb5356-4a6f-8c40-d27d-a0de37505a16, NVIDIA A40, 580.95.05, 1255, 46068, 0, 24.21
2026/08/24 14:54:40.110, 0, GPU-06bb5356-4a6f-8c40-d27d-a0de37505a16, NVIDIA A40, 580.95.05, 1255, 46068, 0, 24.70
2026/08/24 14:54:40.310, 0, GPU-06bb5356-4a6f-8c40-d27d-a0de37505a16, NVIDIA A40, 580.95.05, 1255, 46068, 0, 25.10
2026/08/24 14:54:40.510, 0, GPU-06bb5356-4a6f-8c40-d27d-a0de37505a16, NVIDIA A40, 580.95.05, 1255, 46068, 0, 28.72
2026/08/24 14:54:40.711, 0, GPU-06bb5356-4a6f-8c40-d27d-a0de37505a16, NVIDIA A40, 580.95.05, 1255, 46068, 0, 28.72
2026/08/24 14:54:40.911, 0, GPU-06bb5356-4a6f-8c40-d27d-a0de37505a16, NVIDIA A40, 580.95.05, 1255, 46068, 0, 28.72
2026/08/24 14:54:41.111, 0, GPU-06bb5356-4a6f-8c40-d27d-a0de37505a16, NVIDIA A40, 580.95.05, 1255, 46068, 0, 28.72
2026/08/24 14:54:41.311, 0, GPU-06bb5356-4a6f-8c40-d27d-a0de37505a16, NVIDIA A40, 580.95.05, 1255, 46068, 0, 28.72
